[
 {
  "topic": "header\n",
  "content": "Week 04 Lectures\n Week 04 Lectures\n",
  "key_words": [
   "header\n"
  ]
 },
 {
  "topic": "Exercise 1: PostgreSQL Tuple Visibility 1/110\n",
  "content": "Due to MVCC, PostgreSQL's getTuple(b,i) is not so simple\n ith tuple in buffer b may be \"live\" or \"dead\" or ... ?\n How does PostgreSQL determine whether a tuple is visible?\n Assume: multiple concurrent transactions on tables.\n tuple = (oid, xmin, xmax, cmin, cmax, infomask, ...rest of data...)\n For all of the details:\n PG_SRC/include/access/htup.h ... tuple data structure\n PG_SRC/include/utils/snapshot.h ... \"snapshot\" data\n PG_SRC/backend/utils/time/tqual.c ... visibility checks\n",
  "key_words": [
   "Exercise",
   "1:",
   "PostgreSQL",
   "Tuple",
   "Visibility"
  ]
 },
 {
  "topic": "Scanning in PostgreSQL 2/110\n",
  "content": "Scanning defined in: backend/access/heap/heapam.c\n Implements iterator data/operations:\n HeapScanDesc ... struct containing iteration state\n scan = heap_beginscan(rel,...,nkeys,keys) (uses initscan() to do half the work (shared with rescan))\n tup = heap_getnext(scan, direction) (uses heapgettup() to do most of the work)\n heap_endscan(scan) ... frees up scan struct\n HeapKeyTest(tup, desc, keys, ...) ... implements key match test\n",
  "key_words": [
   "Scanning",
   "in",
   "PostgreSQL"
  ]
 },
 {
  "topic": "... Scanning in PostgreSQL 3/110\n",
  "content": "typedef struct HeapScanDescData\n {\n   // scan parameters   Relation      rs_rd;        // heap relation descriptor   Snapshot      rs_snapshot;  // snapshot ... tuple visibility   int           rs_nkeys;     // number of scan keys   ScanKey       rs_key;       // array of scan key descriptors   ...\n   // state set up at initscan time   PageNumber    rs_npages;    // number of pages to scan   PageNumber    rs_startpage; // page # to start at   ...\n   // scan current state, initally set to invalid   HeapTupleData rs_ctup;      // current tuple in scan\n   PageNumber    rs_cpage;     // current page # in scan\n   Buffer        rs_cbuf;      // current buffer in scan\n    ...\n } HeapScanDescData;\n",
  "key_words": [
   "Scanning",
   "in",
   "PostgreSQL"
  ]
 },
 {
  "topic": "Scanning in other File Structures 4/110\n",
  "content": "Above examples are for heap files\n simple, unordered, maybe indexed, no hashing\n Other access file structures in PostgreSQL:\n btree, hash, gist, gin\n each implements:\n startscan, getnext, endscan\n insert, delete\n other file-specific operators\n Implementing Relational Operations\n",
  "key_words": [
   "Scanning",
   "in",
   "other",
   "File",
   "Structures"
  ]
 },
 {
  "topic": "Implementing Relational Operators 6/110\n",
  "content": "Implementation of relational operations in DBMS:\n",
  "key_words": [
   "Implementing",
   "Relational",
   "Operators"
  ]
 },
 {
  "topic": "... Implementing Relational Operators 7/110\n",
  "content": "So far, have considered ...\n scanning   (e.g. select * from R)\n With file structures ...\n heap file ... tuples added to any page which has space\n sorted file ... tuples arranged in file in key order\n hash file ... tuples placed in pages using hash function\n Now ...\n sorting   (e.g. select * from R order by x)\n projection   (e.g. select x,y from R)\n selection   (e.g. select * from R where Cond)\n and\n indexes ... search trees based on pages/keys\n signatures ... bit-strings which \"summarize\" tuples\n",
  "key_words": [
   "Implementing",
   "Relational",
   "Operators"
  ]
 },
 {
  "topic": "... Implementing Relational Operators 8/110\n",
  "content": "File/query Parameters ...\n r tuples of size R,   b pages of size B,   c tuples per page\n Rel.k attribute in where clause,   bq answer pages for query q\n bOv overflow pages,   average overflow chain length Ov\n",
  "key_words": [
   "Implementing",
   "Relational",
   "Operators"
  ]
 },
 {
  "topic": "Reminder on Cost Analyses 9/110\n",
  "content": "When showing the cost of operations, don't include Tr and Tw:\n for queries, simply count number of pages read\n for updates, use nr and nw to distinguish reads/writes\n When comparing two methods for same query\n ignore the cost of writing the result (same for both)\n In counting reads and writes, assume minimal buffering\n each request_page() causes a read\n each release_page() causes a write (if page is dirty)\n Sorting\n",
  "key_words": [
   "Reminder",
   "on",
   "Cost",
   "Analyses"
  ]
 },
 {
  "topic": "The Sort Operation 11/110\n",
  "content": "Sorting is explicit in queries only in the order by clause\n select * from Students order by name;\n Sorting is used internally in other operations:\n eliminating duplicate tuples for projection\n ordering files to enhance select efficiency\n implementing various styles of join\n forming tuple groups in group by\n Sort methods such as quicksort are designed for in-memory data.\n For large data on disks, use external sorts such as merge sort.\n",
  "key_words": [
   "The",
   "Sort",
   "Operation"
  ]
 },
 {
  "topic": "Two-way Merge Sort 12/110\n",
  "content": "Example:\n",
  "key_words": [
   "Two-way",
   "Merge",
   "Sort"
  ]
 },
 {
  "topic": "... Two-way Merge Sort 13/110\n",
  "content": "Requires three in-memory buffers: Assumption: cost of merge on two buffers \u2245 0.\n",
  "key_words": [
   "Two-way",
   "Merge",
   "Sort"
  ]
 },
 {
  "topic": "Comparison for Sorting 14/110\n",
  "content": "Above assumes that we have a function to compare tuples.\n Needs to understand ordering on different data types.\n Need a function tupCompare(r1,r2,f) (cf. C's strcmp)\n int tupCompare(r1,r2,f)\n {\n    if (r1.f < r2.f) return -1;\n    if (r1.f > r2.f) return 1;\n    return 0;\n }\n Assume < and > are overloaded for all attribute types.\n",
  "key_words": [
   "Comparison",
   "for",
   "Sorting"
  ]
 },
 {
  "topic": "... Comparison for Sorting 15/110\n",
  "content": "In reality, need to sort on multiple attributes and ASC/DESC, e.g.\n -- example multi-attribute sort\n select * from Students\n order by age desc, year_enrolled\n Sketch of multi-attribute sorting function\n int tupCompare(r1,r2,criteria)\n {\n    foreach (f,ord) in criteria {\n       if (ord == ASC) {\n          if (r1.f < r2.f) return -1;\n          if (r1.f > r2.f) return 1;\n       }\n       else {\n          if (r1.f > r2.f) return -1;\n          if (r1.f < r2.f) return 1;\n       }\n    }\n    return 0;\n }\n",
  "key_words": [
   "Comparison",
   "for",
   "Sorting"
  ]
 },
 {
  "topic": "Cost of Two-way Merge Sort 16/110\n",
  "content": "For a file containing b data pages:\n require ceil(log2b) passes to sort,\n each pass requires b page reads, b page writes\n Gives total cost:   2.b.ceil(log2b)\n Example: Relation with r=105 and c=50   \u21d2   b=2000 pages.\n Number of passes for sort:   ceil(log22000)  =  11\n Reads/writes entire file 11 times!    Can we do better?\n",
  "key_words": [
   "Cost",
   "of",
   "Two-way",
   "Merge",
   "Sort"
  ]
 },
 {
  "topic": "n-Way Merge Sort 17/110\n",
  "content": "Merge passes use:   B memory buffers,   n input buffers,   B-n output buffers\n Typically, consider only one output buffer, i.e. B = n + 1\n",
  "key_words": [
   "n-Way",
   "Merge",
   "Sort"
  ]
 },
 {
  "topic": "... n-Way Merge Sort 18/110\n",
  "content": "Method:\n // Produce B-page-long runs\n for each group of B pages in Rel {\n     read pages into memory buffers\n     sort group in memory\n     write pages out to Temp\n }\n // Merge runs until everything sorted\n // n-way merge, where n=B-1\n numberOfRuns = \u2308b/B\u2309\n while (numberOfRuns > 1) {\n     for each group of n runs in Temp {\n         merge into a single run via input buffers\n         write run to newTemp via output buffer\n     }\n     numberOfRuns = \u2308numberOfRuns/n\u2309\n     Temp = newTemp // swap input/output files\n }\n",
  "key_words": [
   "n-Way",
   "Merge",
   "Sort"
  ]
 },
 {
  "topic": "... n-Way Merge Sort 19/110\n",
  "content": "Method for merging n runs (n input buffers, 1 output buffer):\n for i = 1..n {\n    read first page of run[i] into a buffer[i]\n    set current tuple cur[i] to first tuple in buffer[i]\n }\n while (more than 1 run still has tuples) {\n    i = find buffer with smallest current tuple\n    if (output buffer full) { write it and clear it}\n    copy current tuple in buffer[i] to output buffer\n    advance to next tuple in buffer[i]\n    if (no more tuples in buffer[i]) {\n       if (no more pages in run feeding buffer[i])\n          mark run as complete\n       else {\n          read next page of run into buffer[i]\n          set current tuple in buffer[i] as first tuple\n }  }  }\n copy tuples in non-empty buffer to output\n",
  "key_words": [
   "n-Way",
   "Merge",
   "Sort"
  ]
 },
 {
  "topic": "Cost of n-Way Merge Sort 20/110\n",
  "content": "Consider file where b = 4096, B = 16 total buffers:\n pass 0 produces 256 \u00d7 16-page sorted runs\n pass 1 produces 18 \u00d7 240-page sorted runs\n pass 2 produces 2 \u00d7 3600-page sorted run\n pass 3 produces 1 \u00d7 4096-page sorted run\n (cf. two-way merge sort which needs 11 passes)\n For b data pages and n=15 input buffers (15-way merge)\n first pass: read/writes b pages, gives b0 = \u2308b/B\u2309 runs\n then need \u2308lognb0\u2309 passes until sorted\n each pass reads and writes b pages (2.b )\n Cost = 2.b.(1 + \u2308lognb0\u2309),   where b0 = \u2308b/B\u2309\n",
  "key_words": [
   "Cost",
   "of",
   "n-Way",
   "Merge",
   "Sort"
  ]
 },
 {
  "topic": "Exercise 2: Cost of n-Way Merge Sort 21/110\n",
  "content": "How many reads+writes to sort the following:\n r = 1048576 tuples (220)\n R = 62 bytes per tuple (fixed-size)\n B = 4096 bytes per page\n H = 96 bytes of header data per page\n D = 1 presence bit per tuple in page directory\n all pages are full\n Consider for the cases:\n 9 total buffers, 8 input buffers, 1 output buffer\n 33 total buffers, 32 input buffers, 1 output buffer\n 257 total buffers, 256 input buffers, 1 output buffer\n",
  "key_words": [
   "Exercise",
   "2:",
   "Cost",
   "of",
   "n-Way",
   "Merge",
   "Sort"
  ]
 },
 {
  "topic": "Sorting in PostgreSQL 22/110\n",
  "content": "Sort uses a polyphase merge-sort (from Knuth):\n backend/utils/sort/tuplesort.c\n Tuples are mapped to SortTuple structs for sorting:\n containing pointer to tuple and sort key\n no need to reference actual Tuples during sort\n unless multiple attributes used in sort\n If all data fits into memory, sort using qsort().\n If memory fills while reading, form \"runs\" and do disk-based sort.\n",
  "key_words": [
   "Sorting",
   "in",
   "PostgreSQL"
  ]
 },
 {
  "topic": "... Sorting in PostgreSQL 23/110\n",
  "content": "Disk-based sort has phases:\n divide input into sorted runs using HeapSort\n merge using N buffers, one output buffer\n N = as many buffers as workMem allows\n Described in terms of \"tapes\" (\"tape\" \u2245 sorted run)\n Implementation of \"tapes\": backend/utils/sort/logtape.c\n",
  "key_words": [
   "Sorting",
   "in",
   "PostgreSQL"
  ]
 },
 {
  "topic": "... Sorting in PostgreSQL 24/110\n",
  "content": "Sorting is generic and comparison operators are defined in catalog:\n // gets pointer to function via pg_operator\n SelectSortFunction(Oid sortOperator,\n                    bool nulls_first,\n                    Oid *sortFunction,\n                    int *sortFlags);\n // returns negative, zero, positive\n ApplySortFunction(FmgrInfo *sortFunction,\n                   int sortFlags,\n                   Datum datum1, bool isNull1,\n                   Datum datum2, bool isNull2);\n Flags indicate: ascending/descending, nulls-first/last.\n ApplySortFunction() is PostgreSQL's version of tupCompare()\n Implementing Projection\n",
  "key_words": [
   "Sorting",
   "in",
   "PostgreSQL"
  ]
 },
 {
  "topic": "The Projection Operation 26/110\n",
  "content": "Consider the query:\n select distinct name,age from Employee;\n If the Employee relation has four tuples such as:\n (94002, John, Sales, Manager,   32)\n (95212, Jane, Admin, Manager,   39)\n (96341, John, Admin, Secretary, 32)\n (91234, Jane, Admin, Secretary, 21)\n then the result of the projection is:\n (Jane, 21)   (Jane, 39)   (John, 32)\n Note that duplicate tuples (e.g. (John,32)) are eliminated.\n",
  "key_words": [
   "The",
   "Projection",
   "Operation"
  ]
 },
 {
  "topic": "... The Projection Operation 27/110\n",
  "content": "The projection operation needs to:\n 1. scan the entire relation as input\n already seen how to do scanning\n 2. remove unwanted attributes in output tuples\n implementation depends on tuple internal structure\n essentially, make a new tuple with fewer attributes and where the values may be computed from existing attributes\n 3. eliminate any duplicates produced   (if distinct)\n two approaches: sorting or hashing\n",
  "key_words": [
   "The",
   "Projection",
   "Operation"
  ]
 },
 {
  "topic": "Sort-based Projection 28/110\n",
  "content": "Requires a temporary file/relation (Temp)\n for each tuple T in Rel {\n     T' = mkTuple([attrs],T)\n     write T' to Temp\n }\n sort Temp on [attrs]\n for each tuple T in Temp {\n     if (T == Prev) continue\n     write T to Result\n     Prev = T\n }\n",
  "key_words": [
   "Sort-based",
   "Projection"
  ]
 },
 {
  "topic": "Exercise 3: Cost of Sort-based Projection 29/110\n",
  "content": "Consider a table R(x,y,z) with tuples:\n Page 0:  (1,1,'a')   (11,2,'a')  (3,3,'c')\n Page 1:  (13,5,'c')  (2,6,'b')   (9,4,'a')\n Page 2:  (6,2,'a')   (17,7,'a')  (7,3,'b')\n Page 3:  (14,6,'a')  (8,4,'c')   (5,2,'b')\n Page 4:  (10,1,'b')  (15,5,'b')  (12,6,'b')\n Page 5:  (4,2,'a')   (16,9,'c')  (18,8,'c')\n SQL:   create T as (select distinct y from R)\n Assuming:\n 3 memory buffers, 2 for input, one for output\n pages/buffers hold 3 R tuples (i.e. cR=3), 6 T tuples (i.e. cT=6)\n Show how sort-based projection would execute this statement.\n",
  "key_words": [
   "Exercise",
   "3:",
   "Cost",
   "of",
   "Sort-based",
   "Projection"
  ]
 },
 {
  "topic": "Cost of Sort-based Projection 30/110\n",
  "content": "The costs involved are (assuming n+1 buffers for sort):\n scanning original relation Rel:   bR   (with cR)\n writing Temp relation:   bT     (smaller tuples, cT > cR, sorted)\n sorting Temp relation:   2.bT.ceil(lognb0) where b0 = ceil(bT/(n+1))\n scanning Temp, removing duplicates:   bT\n writing the result relation:   bOut     (maybe less tuples)\n Cost = sum of above = bR + bT + 2.bT.ceil(lognb0) + bT + bOut\n",
  "key_words": [
   "Cost",
   "of",
   "Sort-based",
   "Projection"
  ]
 },
 {
  "topic": "Hash-based Projection 31/110\n",
  "content": "Partitioning phase:\n",
  "key_words": [
   "Hash-based",
   "Projection"
  ]
 },
 {
  "topic": "... Hash-based Projection 32/110\n",
  "content": "Duplicate elimination phase:\n",
  "key_words": [
   "Hash-based",
   "Projection"
  ]
 },
 {
  "topic": "... Hash-based Projection 33/110\n",
  "content": "Algorithm for both phases:\n for each tuple T in relation Rel {\n     T' = mkTuple([attrs],T)\n     H = h1(T', n)\n     B = buffer for partition[H]\n     if (B full) write and clear B\n     insert T' into B\n }\n for each partition P in 0..n-1 {\n     for each tuple T in partition P {\n         H = h2(T, n)\n         B = buffer for hash value H\n         if (T not in B) insert T into B\n         // assumes B never gets full\n     }\n     write and clear all buffers\n }\n",
  "key_words": [
   "Hash-based",
   "Projection"
  ]
 },
 {
  "topic": "Exercise 4: Cost of Hash-based Projection 34/110\n",
  "content": "Consider a table R(x,y,z) with tuples:\n Page 0:  (1,1,'a')   (11,2,'a')  (3,3,'c')\n Page 1:  (13,5,'c')  (2,6,'b')   (9,4,'a')\n Page 2:  (6,2,'a')   (17,7,'a')  (7,3,'b')\n Page 3:  (14,6,'a')  (8,4,'c')   (5,2,'b')\n Page 4:  (10,1,'b')  (15,5,'b')  (12,6,'b')\n Page 5:  (4,2,'a')   (16,9,'c')  (18,8,'c')\n -- and then the same tuples repeated for pages 6-11\n SQL:   create T as (select distinct y from R)\n Assuming:\n 4 memory buffers, one for input, 3 for partitioning\n pages/buffers hold 3 R tuples (i.e. cR=3), 4 T tuples (i.e. cT=4)\n hash functions:   h1(x) = x%3,   h2(x) = (x%4)%3\n Show how hash-based projection would execute this statement.\n",
  "key_words": [
   "Exercise",
   "4:",
   "Cost",
   "of",
   "Hash-based",
   "Projection"
  ]
 },
 {
  "topic": "Cost of Hash-based Projection 35/110\n",
  "content": "The total cost is the sum of the following:\n scanning original relation R:   bR\n writing partitions:   bP   (bR vs bP ?)\n re-reading partitions:   bP\n writing the result relation:   bOut\n Cost = bR + 2bP + bOut\n To ensure that n is larger than the largest partition ...\n use hash functions (h1,h2) with uniform spread\n allocate at least sqrt(bR)+1 buffers\n if insufficient buffers, significant re-reading overhead\n",
  "key_words": [
   "Cost",
   "of",
   "Hash-based",
   "Projection"
  ]
 },
 {
  "topic": "Projection on Primary Key 36/110\n",
  "content": "No duplicates, so the above approaches are not required.\n Method:\n bR = nPages(Rel)\n for i in 0 .. bR-1 {\n    P = read page i\n    for j in 0 .. nTuples(P) {\n       T = getTuple(P,j)\n       T' = mkTuple(pk, T)\n       if (outBuf is full) write and clear\n       append T' to outBuf\n    }\n }\n if (nTuples(outBuf) > 0) write\n",
  "key_words": [
   "Projection",
   "on",
   "Primary",
   "Key"
  ]
 },
 {
  "topic": "Index-only Projection 37/110\n",
  "content": "Can do projection without accessing data file iff ...\n relation is indexed on (A1,A2,...An)    (indexes described later)\n projected attributes are a prefix of (A1,A2,...An)\n Basic idea:\n scan through index file (which is already sorted on attributes)\n duplicates are already adjacent in index, so easy to skip\n Cost analysis ...\n index has bi pages   (where bi \u226a bR)\n Cost = bi reads + bOut writes\n",
  "key_words": [
   "Index-only",
   "Projection"
  ]
 },
 {
  "topic": "Comparison of Projection Methods 38/110\n",
  "content": "Difficult to compare, since they make different assumptions:\n index-only: needs an appropriate index\n hash-based: needs buffers and good hash functions\n sort-based: needs only buffers \u21d2 use as default\n Best case scenario for each (assuming n+1 in-memory buffers):\n index-only:   bi + bOut   \u226a   bR + bOut\n hash-based:   bR + 2.bP + bOut\n sort-based:   bR + bT + 2.bT.ceil(lognb0) + bT + bOut\n We normally omit bOut, since each method produces the same result\n",
  "key_words": [
   "Comparison",
   "of",
   "Projection",
   "Methods"
  ]
 },
 {
  "topic": "Projection in PostgreSQL 39/110\n",
  "content": "Code for projection forms part of execution iterators:\n backend/executor/execQual.c\n Functions involved with projection:\n ExecProject(projInfo,...) ... extracts/stores projected data\n ExecTargetList(...) ... makes new tuple from old tuple + projection info\n ExecStoreTuple(newTuple,...) ... save tuple in output slot\n Implementing Selection\n",
  "key_words": [
   "Projection",
   "in",
   "PostgreSQL"
  ]
 },
 {
  "topic": "Varieties of Selection 41/110\n",
  "content": "Selection:   select * from R where C\n filters a subset of tuples from one relation R\n based on a condition C on the attribute values\n We consider three distinct styles of selection:\n 1-d (one dimensional)   (condition uses only 1 attribute)\n n-d (multi-dimensional)   (condition uses >1 attribute)\n similarity   (approximate matching, with ranking)\n Each style has several possible file-structures/techniques.\n",
  "key_words": [
   "Varieties",
   "of",
   "Selection"
  ]
 },
 {
  "topic": "... Varieties of Selection 42/110\n",
  "content": "We can view a relation as defining a tuple space\n assume relation R with attributes a1,...,an\n attribute domains of R specify a n-dimensional space\n each tuple (v1,v2,...,vn) \u2208 R is a point in that space\n queries specify values/ranges on N\u22651 dimensions\n a query defines a point/line/plane/region of the n-d space\n results are tuples lying at/on/in that point/line/plane/region\n E.g. if N=n, we are checking existence of a tuple (at a point)\n",
  "key_words": [
   "Varieties",
   "of",
   "Selection"
  ]
 },
 {
  "topic": "... Varieties of Selection 43/110\n",
  "content": "",
  "key_words": [
   "Varieties",
   "of",
   "Selection"
  ]
 },
 {
  "topic": "... Varieties of Selection 44/110\n",
  "content": "One-dimensional selection queries = condition on single attribute.\n one: select * from R where k = val\n where k is a unique attribute and val is a constant\n pmr: select * from R where k = val\n where k is non-unique and val is a constant\n range: select * from R where k \u2265 lo and k \u2264 hi\n where k is any attribute and lo and hi are constants\n either lo or hi may be omitted for open-ended range\n",
  "key_words": [
   "Varieties",
   "of",
   "Selection"
  ]
 },
 {
  "topic": "Exercise 5: Query Types 45/110\n",
  "content": "Using the relation:\n create table Courses (\n    id       integer primary key,\n    code     char(8),  -- e.g. 'COMP9315'\n    title    text,     -- e.g. 'Computing 1'\n    year     integer,  -- e.g. 2000..2016\n    convenor integer references Staff(id),\n    constraint once_per_year unique (code,year)\n );\n give examples of each of the following query types:\n 1. a 1-d one query,    an n-d one query\n 2. a 1-d pmr query,    an n-d pmr query\n 3. a 1-d range query,    an n-d range query\n Suggest how many solutions each might produce ...\n",
  "key_words": [
   "Exercise",
   "5:",
   "Query",
   "Types"
  ]
 },
 {
  "topic": "Implementing Select Efficiently 46/110\n",
  "content": "Two basic approaches:\n physical arrangement of tuples\n sorting   (search strategy)\n hashing   (static, dynamic, n-dimensional)\n additional indexing information\n index files   (primary, secondary, trees)\n signatures   (superimposed, disjoint)\n Our analyses assume: 1 input buffer available for each relation.\n If more buffers are available, most methods benefit.\n",
  "key_words": [
   "Implementing",
   "Select",
   "Efficiently"
  ]
 },
 {
  "topic": "Recap on Implementing Selection 47/110\n",
  "content": "Selection =  select * from  R  where  C\n yields a subset of R tuples satisfying condition C\n a very important (frequent) operation in relational databases\n Types of selection determined by type of condition\n one:  select * from  R  where id =  k\n pmr:  select * from  R  where age=65  (1-d)\n          select * from  R  where age=65 and gender='m'  (n-d)\n rng:   select * from  R  where age\u226518 and age\u226421  (1-d)\n          select * from  R  where age between 18 and 21  (n-d)\n                                              and height between 160 and 190 note: rng = range\n",
  "key_words": [
   "Recap",
   "on",
   "Implementing",
   "Selection"
  ]
 },
 {
  "topic": "... Recap on Implementing Selection 48/110\n",
  "content": "Strategies for implementing selection efficiently\n arrangement of tuples in file  (e.g. sorting, hashing)\n auxiliary data structures  (e.g. indexes, signatures)\n Interested in cost for select, delete, update, and insert\n for select, simply count number of pages read nr\n for others, use nr and nw to distinguish reads/writes\n Typical file structure has\n b main data pages, bOv overflow pages, c tuples per page\n auxiliary files with e.g. oversized values, index entries\n Heap Files\n Note: this is not \"heap\" as in the top-to-bottom ordered tree. It means simply an unordered collection of tuples in a file.\n",
  "key_words": [
   "Recap",
   "on",
   "Implementing",
   "Selection"
  ]
 },
 {
  "topic": "Selection in Heaps 50/110\n",
  "content": "For all selection queries, the only possible strategy is:\n // select * from R where C\n f = openFile(fileName(\"R\"),READ);\n for (p = 0; p < nPages(f); p++) {\n     buf = readPage(f, p);\n     for (i = 0; i < nTuples(buf); i++) {\n         tup = getTuple(buf,i);\n         if (tup satisfies C)\n             add tup to result set\n     }\n }\n i.e. linear scan through file searching for matching tuples\n",
  "key_words": [
   "Selection",
   "in",
   "Heaps"
  ]
 },
 {
  "topic": "... Selection in Heaps 51/110\n",
  "content": "The heap is scanned from the first to the last page:\n Costrange  =  Costpmr  =  b\n If we know that only one tuple matches the query (one query), a simple optimisation is to stop the scan once that tuple is found.\n Costone :      Best = 1      Average = b/2      Worst = b\n",
  "key_words": [
   "Selection",
   "in",
   "Heaps"
  ]
 },
 {
  "topic": "Insertion in Heaps 52/110\n",
  "content": "Insertion: new tuple is appended to file (in last page).\n f = openFile(fileName(\"R\"),READ|WRITE);\n b = nPages(f)-1;\n buf = readPage(f, b);  // request page\n if (isFull(buf)) // all slots used\n     { b++; clear(buf); }  // add a new page\n if (tooLarge(newTup,buf)) // not enough space for tuple\n     { deal with oversize tuple }\n insertTuple(newTup, buf);\n writePage(f, b, buf);  // mark page as dirty & release\n Costinsert  =  1r + 1w\n Plus possible extra writes for oversize tuples, e.g. PostgreSQL's TOAST files\n",
  "key_words": [
   "Insertion",
   "in",
   "Heaps"
  ]
 },
 {
  "topic": "... Insertion in Heaps 53/110\n",
  "content": "Alternative strategy:\n find any page from R with enough space\n preferably a page already loaded into memory buffer\n PostgreSQL's strategy:\n use last updated page of R in buffer pool\n otherwise, search buffer pool for page with enough space\n assisted by free space map (FSM) associated with each table\n for details: backend/access/heap/{heapam.c,hio.c}\n",
  "key_words": [
   "Insertion",
   "in",
   "Heaps"
  ]
 },
 {
  "topic": "... Insertion in Heaps 54/110\n",
  "content": "PostgreSQL's tuple insertion:\n heap_insert(Relation relation,    // relation desc\n             HeapTuple newtup,     // new tuple data\n             CommandId cid, ...)   // SQL statement\n finds page which has enough free space for newtup\n ensures page loaded into buffer pool and locked\n copies tuple data into page buffer, sets xmin, etc.\n marks buffer as dirty\n writes details of insertion into transaction log\n returns OID of new tuple if relation has OIDs\n",
  "key_words": [
   "Insertion",
   "in",
   "Heaps"
  ]
 },
 {
  "topic": "Deletion in Heaps 55/110\n",
  "content": "SQL:  delete from R  where Condition\n Implementation of deletion:\n f = openFile(fileName(\"R\"),READ|WRITE);\n for (p = 0; p < nPages(f); p++) {\n     buf = readPage(f, p);\n     ndels = 0;\n     for (i = 0; i < nTuples(buf); i++) {\n         tup = getTuple(buf,i);\n         if (tup satisfies Condition)\n             { ndels++; deleteTuple(buf,i); }\n     }\n     if (ndels > 0) writePage(f, p, buf);\n     if (ndels > 0 && unique) break;\n }\n If buffers,   read = request,   write = mark-as-dirty\n",
  "key_words": [
   "Deletion",
   "in",
   "Heaps"
  ]
 },
 {
  "topic": "Exercise 6: Cost of Deletion in Heaps 56/110\n",
  "content": "Consider the following queries ...\n delete from Employees where id = 12345  -- one\n delete from Employees where dept = 'Marketing'  -- pmr\n delete from Employees where 40 <= age and age < 50  -- range\n Show how each will be executed and estimate the cost, assuming:\n b = 100,  bq2 = 3,  bq3 = 20\n State any other assumptions.\n Generalise the cost models for each query type.\n",
  "key_words": [
   "Exercise",
   "6:",
   "Cost",
   "of",
   "Deletion",
   "in",
   "Heaps"
  ]
 },
 {
  "topic": "... Deletion in Heaps 57/110\n",
  "content": "PostgreSQL tuple deletion:\n heap_delete(Relation relation,    // relation desc\n             ItemPointer tid, ..., // tupleID\n             CommandId cid, ...)   // SQL statement\n gets page containing tuple into buffer pool and locks it\n sets flags, commandID and xmax in tuple; dirties buffer\n writes indication of deletion to transaction log\n Vacuuming eventually compacts space in each page.\n",
  "key_words": [
   "Deletion",
   "in",
   "Heaps"
  ]
 },
 {
  "topic": "Updates in Heaps 58/110\n",
  "content": "SQL:  update R  set F = val  where Condition\n Analysis for updates is similar to that for deletion\n scan all pages\n replace any updated tuples   (within each page)\n write affected pages to disk\n Costupdate  =  br + bqw\n Complication: new version of tuple larger than old version  (too big for page)\n Solution:   delete, re-organise free space, then insert\n",
  "key_words": [
   "Updates",
   "in",
   "Heaps"
  ]
 },
 {
  "topic": "... Updates in Heaps 59/110\n",
  "content": "PostgreSQL tuple update:\n heap_update(Relation relation,     // relation desc\n             ItemPointer otid,      // old tupleID\n             HeapTuple newtup, ..., // new tuple data\n             CommandId cid, ...)    // SQL statement\n essentially does delete(otid), then insert(newtup)\n also, sets old tuple's ctid field to reference new tuple\n can also update-in-place if no referencing transactions\n",
  "key_words": [
   "Updates",
   "in",
   "Heaps"
  ]
 },
 {
  "topic": "Heaps in PostgreSQL 60/110\n",
  "content": "PostgreSQL stores all table data in heap files (by default).\n Typically there are also associated index files.\n If a file is more useful in some other form:\n PostgreSQL may make a transformed copy during query execution\n programmer can set it via   create index...using hash\n Heap file implementation:   src/backend/access/heap\n",
  "key_words": [
   "Heaps",
   "in",
   "PostgreSQL"
  ]
 },
 {
  "topic": "... Heaps in PostgreSQL 61/110\n",
  "content": "PostgreSQL \"heap file\" may use multiple physical files\n files are named after the OID of the corresponding table\n first data file is called simply OID\n if size exceeds 1GB, create a fork called OID.1\n add more forks as data size grows (one fork for each 1GB)\n other files:\n free space map (OID_fsm), visibility map (OID_vm)\n optionally, TOAST file (if table has varlen attributes)\n for details: Chapter 55 in PostgreSQL documentation\n Sorted Files\n",
  "key_words": [
   "Heaps",
   "in",
   "PostgreSQL"
  ]
 },
 {
  "topic": "Sorted Files 63/110\n",
  "content": "Records stored in file in order of some field k (the sort key).\n Makes searching more efficient; makes insertion less efficient\n E.g. assume c = 4\n",
  "key_words": [
   "Sorted",
   "Files"
  ]
 },
 {
  "topic": "... Sorted Files 64/110\n",
  "content": "In order to mitigate insertion costs, use overflow blocks.\n Total number of overflow blocks = bov.\n Average overflow chain length = Ov = bov / b.\n Bucket = data page + its overflow page(s)\n",
  "key_words": [
   "Sorted",
   "Files"
  ]
 },
 {
  "topic": "Selection in Sorted Files 65/110\n",
  "content": "For one queries on sort key, use binary search.\n // select * from R where k = val  (sorted on R.k)\n lo = 0; hi = b-1\n while (lo <= hi) {\n     mid = (lo+hi) / 2;  // int division with truncation\n     (tup,loVal,hiVal) = searchBucket(f,mid,k,val);\n     if (tup != NULL) return tup;\n     else if (val < loVal) hi = mid - 1;\n     else if (val > hiVal) lo = mid + 1;\n     else return NOT_FOUND;\n }\n return NOT_FOUND;\n where  f is file for relation,  mid,lo,hi are page indexes,             k is a field/attr,  val,loVal,hiVal are values for k\n",
  "key_words": [
   "Selection",
   "in",
   "Sorted",
   "Files"
  ]
 },
 {
  "topic": "... Selection in Sorted Files 66/110\n",
  "content": "Search a page and its overflow chain for a key value\n searchBucket(f,p,k,val)\n {\n     buf = getPage(f,p);\n     (tup,min,max) = searchPage(buf,k,val,+INF,-INF)\n     if (tup != NULL) return(tup,min,max);\n     ovf = openOvFile(f);\n     ovp = ovflow(buf);\n     while (tup == NULL && ovp != NO_PAGE) {\n         buf = getPage(ovf,ovp);\n         (tup,min,max) = searchPage(buf,k,val,min,max)\n         ovp = ovflow(buf);\n     }         return (tup,min,max);\n }\n Assumes each page contains index of next page in Ov chain\n",
  "key_words": [
   "Selection",
   "in",
   "Sorted",
   "Files"
  ]
 },
 {
  "topic": "... Selection in Sorted Files 67/110\n",
  "content": "Search within a page for key; also find min/max key values\n searchPage(buf,k,val,min,max)\n {\n     res = NULL;\n     for (i = 0; i < nTuples(buf); i++) {\n         tup = getTuple(buf,i);\n         if (tup.k == val) res = tup;\n         if (tup.k < min) min = tup.k;\n         if (tup.k > max) max = tup.k;\n     }\n     return (res,min,max);\n }\n",
  "key_words": [
   "Selection",
   "in",
   "Sorted",
   "Files"
  ]
 },
 {
  "topic": "... Selection in Sorted Files 68/110\n",
  "content": "The above method treats each bucket like a single large page.\n Cases:\n best: find tuple in first data page we read\n worst: full binary search, and not found\n examine log2b data pages\n plus examine all of their overflow pages\n average: examine some data pages + their overflow pages\n Costone :     Best = 1      Worst = log2 b + bov\n Average case cost analysis relies on assumptions  (e.g. data distribution)\n",
  "key_words": [
   "Selection",
   "in",
   "Sorted",
   "Files"
  ]
 },
 {
  "topic": "Exercise 7: Searching in Sorted File 69/110\n",
  "content": "Consider this sorted file with overflows (b=5, c=4):\n Compute the cost for answering each of the following:\n select * from R where k = 24\n select * from R where k = 3\n select * from R where k = 14\n select max(k) from R\n",
  "key_words": [
   "Exercise",
   "7:",
   "Searching",
   "in",
   "Sorted",
   "File"
  ]
 },
 {
  "topic": "Exercise 8: Optimising Sorted-file Search 70/110\n",
  "content": "The searchBucket(f,p,k,val) function requires:\n read the pth page from data file\n scan it to find a match and min/max k values in page\n while no match, repeat the above for each overflow page\n if we find a match in any page, return it\n otherwise, remember min/max over all pages in bucket\n Suggest an optimisation that would improve searchBucket() performance for most buckets.\n",
  "key_words": [
   "Exercise",
   "8:",
   "Optimising",
   "Sorted-file",
   "Search"
  ]
 },
 {
  "topic": "... Selection in Sorted Files 71/110\n",
  "content": "For pmr query, on non-unique attribute k, where file is sorted on k\n tuples containing k may span several pages\n E.g. select * from R where k = 2\n Begin by locating a page p containing k=val   (as for one query).\n Scan backwards and forwards from p to find matches.\n Thus, Costpmr  =  Costone + (bq-1).(1+Ov)\n",
  "key_words": [
   "Selection",
   "in",
   "Sorted",
   "Files"
  ]
 },
 {
  "topic": "... Selection in Sorted Files 72/110\n",
  "content": "For range queries on unique sort key (e.g. primary key):\n use binary search to find lower bound\n read sequentially until reach upper bound\n E.g. select * from R where k >= 5 and k <= 13\n Costrange  =  Costone + (bq-1).(1+Ov)\n",
  "key_words": [
   "Selection",
   "in",
   "Sorted",
   "Files"
  ]
 },
 {
  "topic": "... Selection in Sorted Files 73/110\n",
  "content": "For range queries on non-unique sort key, similar method to pmr.\n binary search to find lower bound\n then go backwards to start of run\n then go forwards to last occurence of upper-bound\n E.g. select * from R where k >= 2 and k <= 6\n Costrange = Costone + (bq-1).(1+Ov)\n",
  "key_words": [
   "Selection",
   "in",
   "Sorted",
   "Files"
  ]
 },
 {
  "topic": "... Selection in Sorted Files 74/110\n",
  "content": "So far, have assumed query condition involves sort key k.\n If condition contains attribute j, not the sort key\n file is unlikely to be sorted by j as well\n sortedness gives no searching benefits\n Costone,   Costrange,   Costpmr   as for heap files\n",
  "key_words": [
   "Selection",
   "in",
   "Sorted",
   "Files"
  ]
 },
 {
  "topic": "Updates to Sorted Files 75/110\n",
  "content": "Insertion approach:\n find appropriate page for tuple (via binary search)\n if page not full, insert into page\n otherwise, insert into next overflow block with space\n Thus, Costinsert  =  Costone + \u03b4w         (where \u03b4w = 1 or 2)\n Deletion strategy:\n find matching tuple(s)\n mark them as deleted\n Cost depends on selectivity of selection condition\n Thus, Costdelete  =  Costselect + bqw\n Hashed Files\n",
  "key_words": [
   "Updates",
   "to",
   "Sorted",
   "Files"
  ]
 },
 {
  "topic": "Hashing 77/110\n",
  "content": "Basic idea: use key value to compute page address of tuple.\n e.g. tuple with key = v is stored in page i\n Requires: hash function h(v) that maps KeyDomain \u2192 [0..b-1].\n hashing converts key value (any type) into integer value\n integer value is then mapped to page index\n note: can view integer value as a bit-string\n",
  "key_words": [
   "Hashing"
  ]
 },
 {
  "topic": "... Hashing 78/110\n",
  "content": "PostgreSQL hash function (simplified):\n uint32 hash_any(unsigned char *k, register int keylen)\n {\n    register uint32 a, b, c, len;\n",
  "key_words": [
   "Hashing"
  ]
 },
 {
  "topic": "   /* Set up the internal state */\n",
  "content": "   len = keylen;  a = b = 0x9e3779b9;  c = 3923095;\n",
  "key_words": [
   "",
   "",
   "",
   "/*",
   "Set",
   "up",
   "the",
   "internal",
   "state",
   "*/\n"
  ]
 },
 {
  "topic": "   /* handle most of the key */\n",
  "content": "   while (len >= 12) {\n       a += (k[0] + (k[1]<<8) + (k[2]<<16) + (k[3]<<24));\n       b += (k[4] + (k[5]<<8) + (k[6]<<16) + (k[7]<<24));\n       c += (k[8] + (k[9]<<8) + (k[10]<<16) + (k[11]<<24));\n       mix(a, b, c);   k += 12; len -= 12;\n    }\n",
  "key_words": [
   "",
   "",
   "",
   "/*",
   "handle",
   "most",
   "of",
   "the",
   "key",
   "*/\n"
  ]
 },
 {
  "topic": "   /* collect any data from last 11 bytes into a,b,c */\n",
  "content": "   mix(a, b, c);\n    return c;\n }\n See backend/access/hash/hashfunc.c for details  (incl mix())\n",
  "key_words": [
   "",
   "",
   "",
   "/*",
   "collect",
   "any",
   "data",
   "from",
   "last",
   "11",
   "bytes",
   "into",
   "a,b,c",
   "*/\n"
  ]
 },
 {
  "topic": "... Hashing 79/110\n",
  "content": "hash_any() gives hash value as 32-bit quantity (uint32).\n Two ways to map raw hash value into a page address:\n if b = 2k, bitwise AND with k low-order bits set to one\n uint32 hashToPageNum(uint32 hval) {\n     uint32 mask = 0xFFFFFFFF;\n     return (hval & (mask >> (32-k)));\n }\n otherwise, use mod to produce value in range 0..b-1\n uint32 hashToPageNum(uint32 hval) {\n     return (hval % b);\n }\n",
  "key_words": [
   "Hashing"
  ]
 },
 {
  "topic": "Hashing Performance 80/110\n",
  "content": "Aims:\n distribute tuples evenly amongst buckets\n have most buckets nearly full   (attempt to minimise wasted space)\n Note: if data distribution not uniform, address distribution can't be uniform.\n Best case: every bucket contains same number of tuples.\n Worst case: every tuple hashes to same bucket.\n Average case: some buckets have more tuples than others.\n Use overflow pages to handle \"overfull\" buckets  (cf. sorted files)\n All tuples in each bucket must have same hash value.\n",
  "key_words": [
   "Hashing",
   "Performance"
  ]
 },
 {
  "topic": "... Hashing Performance 81/110\n",
  "content": "Two important measures for hash files:\n load factor:   L  =  r / bc\n average overflow chain length:   Ov  =  bov / b\n Three cases for distribution of tuples in a hashed file:\n Case L Ov\n Best \u2245 1 0\n Worst >> 1 **\n Average < 1 0<Ov<1\n (** performance is same as Heap File)\n To achieve average case, aim for   0.75  \u2264  L  \u2264  0.9.\n",
  "key_words": [
   "Hashing",
   "Performance"
  ]
 },
 {
  "topic": "Selection with Hashing 82/110\n",
  "content": "Best performance occurs for one queries on hash key field.\n Basic strategy:\n compute page address via hash function hash(val)\n fetch that page and look for matching tuple\n possibly fetch additional pages from overflow chain\n Best Costone  =  1    (find in data page)\n Average Costone  =  1+Ov/2    (scan half of ovflow chain)\n Worst Costone  =  1+max(OvLen)    (find in last page of ovflow chain)\n",
  "key_words": [
   "Selection",
   "with",
   "Hashing"
  ]
 },
 {
  "topic": "... Selection with Hashing 83/110\n",
  "content": "Select via hashing on unique key k (one)\n // select * from R where k = val\n f = openFile(relName(\"R\"),READ);\n p = hash(val) % nPages(f);\n buf = getPage(f, p)\n for (i = 0; i < nTuples(buf); i++) {\n     tup = getTuple(buf,i);\n     if (tup.k == val) return tup;\n }\n ovp = ovflow(buf);\n while (ovp != NO_PAGE) {\n     buf = getPage(ovf,ovp);\n     for (i = 0; i < nTuples(Buf); i++) {\n         tup = getTuple(buf,i);\n         if (tup.k == val) return tup;\n }   }\n",
  "key_words": [
   "Selection",
   "with",
   "Hashing"
  ]
 },
 {
  "topic": "... Selection with Hashing 84/110\n",
  "content": "Select via hashing on non-unique hash key k (pmr)\n // select * from R where k = val\n f = openFile(relName(\"R\"),READ);\n p = hash(val) % nPages(f);\n buf = getPage(f, p)\n for (i = 0; i < nTuples(buf); i++) {\n     tup = getTuple(buf,i);\n     if (tup.k == val) append tup to results\n }\n ovp = ovflow(buf);\n while (ovp != NO_PAGE) {\n     buf = getPage(ovf,ovp);\n     for (i = 0; i < nTuples(Buf); i++) {\n         tup = getTuple(buf,i);\n         if (tup.k == val) append tup to results\n }   }\n Costpmr  =  1 + Ov\n",
  "key_words": [
   "Selection",
   "with",
   "Hashing"
  ]
 },
 {
  "topic": "... Selection with Hashing 85/110\n",
  "content": "Hashing does not help with range queries** ...\n Costrange = b + bov\n Selection on attribute j which is not hash key ...\n Costone,   Costrange,   Costpmr  =  b + bov\n ** unless the hash function is order-preserving (and most aren't)\n",
  "key_words": [
   "Selection",
   "with",
   "Hashing"
  ]
 },
 {
  "topic": "Insertion with Hashing 86/110\n",
  "content": "Insertion uses similar process to one queries.\n // insert tuple t with key=val into rel R\n // f = data file ... ovf = ovflow file\n p = hash(val) % nPages(R)\n P = getPage(f,p)\n if (tup fits in page P)     { insert t into P; return }\n for each overflow page Q of P {\n     if (tup fits in page Q)\n         { insert t into Q; return }\n }\n add new overflow page Q\n link Q to previous overflow page\n insert t into Q\n Costinsert:    Best: 1r + 1w    Worst: 1+max(OvLen))r + 2w\n",
  "key_words": [
   "Insertion",
   "with",
   "Hashing"
  ]
 },
 {
  "topic": "Exercise 9: Insertion into Static Hashed File 87/110\n",
  "content": "Consider a file with b=4, c=3, d=2, h(x) = bits(d,hash(x))\n Insert tuples in alpha order with the following keys and hashes:\n k hash(k)   k hash(k)   k hash(k)   k hash(k)\n a 10001  g 00000  m 11001  s 01110\n b 11010  h 00000  n 01000  t 10011\n c 01111  i 10010  o 00110  u 00010\n d 01111  j 10110  p 11101  v 11111\n e 01100  k 00101  q 00010  w 10000\n f 00010  l 00101  r 00000  x 00111\n The hash values are the 5 lower-order bits from the full 32-bit hash.\n",
  "key_words": [
   "Exercise",
   "9:",
   "Insertion",
   "into",
   "Static",
   "Hashed",
   "File"
  ]
 },
 {
  "topic": "Deletion with Hashing 88/110\n",
  "content": "Similar performance to select:\n // delete from R where k = val\n // f = data file ... ovf = ovflow file\n p = hash(val) % nPages(R)\n buf = getPage(f,p)\n ndel = delTuples(buf,k,val)\n if (ndel > 0) putPage(f,buf,p)\n p = ovFlow(buf)\n while (p != NO_PAGE) {\n     buf = getPage(ovf,p)\n     ndel = delTuples(buf,k,val)\n     if (ndel > 0) putPage(ovf,buf,p)\n     p = ovFlow(buf)\n }\n Extra cost over select is cost of writing back modified blocks.\n Method works for both unique and non-unique hash keys.\n",
  "key_words": [
   "Deletion",
   "with",
   "Hashing"
  ]
 },
 {
  "topic": "Problem with Hashing... 89/110\n",
  "content": "So far, discussion of hashing has assumed a fixed file size (fixed b).\n What size file to use?\n the size we need right now   (performance degrades as file overflows)\n the maximum size we might ever need   (signifcant waste of space)\n Change file size \u21d2 change hash function \u21d2 rebuild file\n Methods for hashing with dynamic files:\n extendible hashing, dynamic hashing   (need a directory, no overflows)\n linear hashing   (expands file \"sytematically\", no directory, has overflows)\n",
  "key_words": [
   "Problem",
   "with",
   "Hashing..."
  ]
 },
 {
  "topic": "... Problem with Hashing... 90/110\n",
  "content": "All flexible hashing methods ...\n treat hash as 32-bit bit-string\n adjust hashing by using more/less bits\n Start with hash function to convert value to bit-string:\n uint32 hash(unsigned char *val)\n Require a function to extract d bits from bit-string:\n unit32 bits(int d, uint32 val)\n Use result of bits() as page address.\n",
  "key_words": [
   "Problem",
   "with",
   "Hashing..."
  ]
 },
 {
  "topic": "Exercise 10: Bit Manipulation 91/110\n",
  "content": "1. Write a function to display uint32 values as 01010110...\n char *showBits(uint32 val, char *buf);\n Analogous to gets()   (assumes supplied buffer large enough)\n 2. Write a function to extract the d bits of a uint32\n uint32 bits(int d, uint32 val);\n If d > 0, gives low-order bits; if d < 0, gives high-order bits\n",
  "key_words": [
   "Exercise",
   "10:",
   "Bit",
   "Manipulation"
  ]
 },
 {
  "topic": "... Problem with Hashing... 92/110\n",
  "content": "Important concept for flexible hashing: splitting\n consider one page (all tuples have same hash value)\n recompute page numbers by considering one extra bit\n if current page is 101, new pages have hashes 0101 and 1101\n some tuples stay in page 0101 (was 101)\n some tuples move to page 1101 (new page)\n also, rehash any tuples in overflow pages of page 101\n Result: expandable data file, never requiring a complete file rebuild\n",
  "key_words": [
   "Problem",
   "with",
   "Hashing..."
  ]
 },
 {
  "topic": "... Problem with Hashing... 93/110\n",
  "content": "Example of splitting:\n Tuples only show key value; assume h(val) = val\n",
  "key_words": [
   "Problem",
   "with",
   "Hashing..."
  ]
 },
 {
  "topic": "Linear Hashing 94/110\n",
  "content": "File organisation:\n file of primary data blocks\n file of overflow data blocks\n a register called the split pointer (sp)\n Uses systematic method of growing data file ...\n hash function \"adapts\" to changing address range\n systematic splitting controls length of overflow chains\n Advantage: does not require auxiliary storage for a directory\n Disadvantage: requires overflow pages   (splits don't occur on full pages)\n",
  "key_words": [
   "Linear",
   "Hashing"
  ]
 },
 {
  "topic": "... Linear Hashing 95/110\n",
  "content": "File grows linearly (one block at a time, at regular intervals).\n Has \"phases\" of expansion; over each phase, b doubles.\n",
  "key_words": [
   "Linear",
   "Hashing"
  ]
 },
 {
  "topic": "Selection with Lin.Hashing 96/110\n",
  "content": "If b=2d, the file behaves exactly like standard hashing.\n Use d bits of hash to compute block address.\n // select * from R where k = val\n h = hash(val);\n P = bits(d,h);  // lower-order bits\n for each tuple t in page P\n          and its overflow pages {\n     if (t.k == val) return t;\n }\n Average Costone  =  1+Ov\n",
  "key_words": [
   "Selection",
   "with",
   "Lin.Hashing"
  ]
 },
 {
  "topic": "... Selection with Lin.Hashing 97/110\n",
  "content": "If b != 2d, treat different parts of the file differently.\n Parts A and C are treated as if part of a file of size 2d+1.\n Part B is treated as if part of a file of size 2d.\n Part D does not yet exist (tuples in B may move into it).\n",
  "key_words": [
   "Selection",
   "with",
   "Lin.Hashing"
  ]
 },
 {
  "topic": "... Selection with Lin.Hashing 98/110\n",
  "content": "Modified search algorithm:\n // select * from R where k = val\n h = hash(val);\n P = bits(d,h);\n if (P < sp) { P = bits(d+1,h); }\n for each tuple t in page P\n          and its overflow blocks {\n     if (t.k == val) return R;\n }\n",
  "key_words": [
   "Selection",
   "with",
   "Lin.Hashing"
  ]
 },
 {
  "topic": "File Expansion with Lin.Hashing 99/110\n",
  "content": "",
  "key_words": [
   "File",
   "Expansion",
   "with",
   "Lin.Hashing"
  ]
 },
 {
  "topic": "Insertion with Lin.Hashing 100/110\n",
  "content": "Abstract view:\n P = bits(d,hash(val));\n if (P < sp) P = bits(d+1,hash(val));\n // bucket P = page P + its overflow pages\n for each page Q in bucket P {\n     if (space in Q) {\n         insert tuple into Q\n         break\n     }\n }\n if (no insertion) {\n     add new ovflow page to bucket P\n     insert tuple into new page\n }\n if (need to split) {\n     partition tuples from bucket sp\n           into buckets sp and sp+2^d\n     sp++;\n     if (sp == 2^d) { d++; sp = 0; }\n }\n",
  "key_words": [
   "Insertion",
   "with",
   "Lin.Hashing"
  ]
 },
 {
  "topic": "Splitting 101/110\n",
  "content": "How to decide that we \"need to split\"?\n Two approaches to triggering a split:\n split every time a tuple is inserted into full block\n split when load factor reaches threshold (every k inserts)\n Note: always split block sp, even if not full/\"current\"\n Systematic splitting like this ...\n eventually reduces length of every overflow chain\n helps to maintain short average overflow chain length\n",
  "key_words": [
   "Splitting"
  ]
 },
 {
  "topic": "... Splitting 102/110\n",
  "content": "Splitting process for block sp=01:\n",
  "key_words": [
   "Splitting"
  ]
 },
 {
  "topic": "Exercise 11: Insertion into Linear Hashed File 103/110\n",
  "content": "Consider a file with b=4, c=3, d=2, sp=0, hash(x) as above\n Insert tuples in alpha order with the following keys and hashes:\n k hash(k)   k hash(k)   k hash(k)   k hash(k)\n a 10001  g 00000  m 11001  s 01110\n b 11010  h 00000  n 01000  t 10011\n c 01111  i 10010  o 00110  u 00010\n d 01111  j 10110  p 11101  v 11111\n e 01100  k 00101  q 00010  w 10000\n f 00010  l 00101  r 00000  x 00111\n The hash values are the 5 lower-order bits from the full 32-bit hash.\n",
  "key_words": [
   "Exercise",
   "11:",
   "Insertion",
   "into",
   "Linear",
   "Hashed",
   "File"
  ]
 },
 {
  "topic": "... Splitting 104/110\n",
  "content": "Detailed splitting algorithm:\n // partitions tuples between two buckets\n newp = sp + 2^d; oldp = sp;\n buf = getPage(f,sp);\n clear(oldBuf); clear(newBuf);\n for (i = 0; i < nTuples(buf); i++) {\n     tup = getTuple(buf,i);\n     p = bits(d+1,hash(tup.k));\n     if (p == newp)         addTuple(newBuf,tup);\n     else\n         addTuple(oldBuf,tup);\n }\n p = ovflow(buf);  oldOv = newOv = 0;\n while (p != NO_PAGE) {\n     ovbuf = getPage(ovf,p);\n     for (i = 0; i < nTuples(ovbuf); i++) {\n         tup = getTuple(buf,i);\n         p = bits(d+1,hash(tup.k));\n         if (p == newp) {\n             if (isFull(newBuf)) {\n                 nextp = nextFree(ovf);\n                 ovflow(newBuf) = nextp;\n                 outf = newOv ? f : ovf;\n                 writePage(outf, newp, newBuf);\n                 newOv++; newp = nextp; clear(newBuf);\n             }\n             addTuple(newBuf, tup);\n         }\n         else {\n             if (isFull(oldBuf)) {\n                 nextp = nextFree(ovf);\n                 ovflow(oldBuf) = nextp;\n                 outf = oldOv ? f : ovf;\n                 writePage(outf, oldp, oldBuf);\n                 oldOv++; oldp = nextp; clear(oldBuf);\n             }\n             addTuple(oldBuf, tup);\n         }\n     }\n     addToFreeList(ovf,p);\n     p = ovflow(buf);\n }\n sp++;\n if (sp == 2^d) { d++; sp = 0; }\n",
  "key_words": [
   "Splitting"
  ]
 },
 {
  "topic": "Insertion Cost 105/110\n",
  "content": "If no split required, cost same as for standard hashing:\n Costinsert:   Best: 1r + 1w,   Avg: (1+Ov)r + 1w,   Worst: (1+max(Ov))r + 2w\n If split occurs, incur Costinsert  plus cost of splitting:\n read block sp   (plus all of its overflow blocks)\n write block sp   (and its new overflow blocks)\n write block sp+2d   (and its new overflow blocks)\n On average, Costsplit  =  (1+Ov)r + (2+Ov)w\n",
  "key_words": [
   "Insertion",
   "Cost"
  ]
 },
 {
  "topic": "Deletion with Lin.Hashing 106/110\n",
  "content": "Deletion is similar to ordinary static hash file.\n But might wish to contract file when enough tuples removed.\n Rationale: r shrinks, b stays large \u21d2 wasted space.\n Method: remove last bucket in data file (contracts linearly).\n Involves a coalesce procedure which is an inverse split.\n",
  "key_words": [
   "Deletion",
   "with",
   "Lin.Hashing"
  ]
 },
 {
  "topic": "Hash Files in PostgreSQL 107/110\n",
  "content": "PostgreSQL uses linear hashing on tables which have been:\n create index Ix on R using hash (k);\n Hash file implementation: backend/access/hash\n hashfunc.c ... a family of hash functions\n hashinsert.c ... insert, with overflows\n hashpage.c ... utilities + splitting\n hashsearch.c ... iterator for hash files\n Based on \"A New Hashing Package for Unix\", Margo Seltzer, Winter Usenix 1991\n",
  "key_words": [
   "Hash",
   "Files",
   "in",
   "PostgreSQL"
  ]
 },
 {
  "topic": "... Hash Files in PostgreSQL 108/110\n",
  "content": "PostgreSQL uses slightly different file organisation ...\n has a single file containing main and overflow pages\n has groups of main pages of size 2n\n in between groups, arbitrary number of overflow pages\n maintains collection of \"split pointers\" in header page\n each split pointer indicates start of main page group\n If overflow pages become empty, add to free list and re-use.\n",
  "key_words": [
   "Hash",
   "Files",
   "in",
   "PostgreSQL"
  ]
 },
 {
  "topic": "... Hash Files in PostgreSQL 109/110\n",
  "content": "PostgreSQL hash file structure:",
  "key_words": [
   "Hash",
   "Files",
   "in",
   "PostgreSQL"
  ]
 },
 {
  "topic": "... Hash Files in PostgreSQL 110/110\n",
  "content": "Converting bucket # to page address:\n // which page is primary page of bucket\n uint bucket_to_page(headerp, B) {\n    uint *splits = headerp->hashm_spares;\n    uint chunk, base, offset, lg2(uint);\n    chunk = (B<2) ? 0 : lg2(B+1)-1;\n    base = splits[chunk];\n    offset = (B<2) ? B : B-(1<chunk);\n    return (base + offset);\n }\n // returns ceil(log_2(n))\n int lg2(uint n) {\n  int i, v;\n  for (i = 0, v = 1; v < n; v <= 1) i++;\n  return i;\n }\n Produced: 16 Aug 2018\n",
  "key_words": [
   "Hash",
   "Files",
   "in",
   "PostgreSQL"
  ]
 }
]