[
 {
  "topic": "header\n",
  "content": "Week 03 Lectures\n",
  "key_words": [
   "header\n"
  ]
 },
 {
  "topic": "PostgreSQL Buffer Manager 1/95\n",
  "content": "PostgreSQL buffer manager:\n provides a shared pool of memory buffers for all backends\n all access methods get data from disk via buffer manager\n Buffers are located in a large region of shared memory.\n Definitions: \u00a0src/include/storage/buf*.h\n Functions: \u00a0src/backend/storage/buffer/*.c\n  Buffer code is also used by backends who want a private buffer pool\n",
  "key_words": [
   "PostgreSQL",
   "Buffer",
   "Manager"
  ]
 },
 {
  "topic": "... PostgreSQL Buffer Manager 2/95\n",
  "content": "Buffer pool consists of:\n BufferDescriptors\n shared fixed array (size NBuffers) of BufferDesc\n BufferBlocks\n shared fixed array (size NBuffers) of Buffer\n Buffer = index values in above arrays\n indexes: global buffers 1..NBuffers; local buffers negative\n Size of buffer pool is set in postgresql.conf, e.g.\n shared_buffers = 16MB   # min 128KB, 16*8KB buffers",
  "key_words": [
   "PostgreSQL",
   "Buffer",
   "Manager"
  ]
 },
 {
  "topic": "... PostgreSQL Buffer Manager 3/95\n",
  "content": "",
  "key_words": [
   "PostgreSQL",
   "Buffer",
   "Manager"
  ]
 },
 {
  "topic": "... PostgreSQL Buffer Manager 4/95\n",
  "content": "include/storage/buf.h\n basic buffer manager data types (e.g. Buffer)\n include/storage/bufmgr.h\n definitions for buffer manager function interface  (i.e. functions that other parts of the system call to use buffer manager)\n include/storage/buf_internals.h\n definitions for buffer manager internals (e.g. BufferDesc)\n Code: backend/storage/buffer/*.c\n Commentary: backend/storage/buffer/README\n",
  "key_words": [
   "PostgreSQL",
   "Buffer",
   "Manager"
  ]
 },
 {
  "topic": "Buffer Pool Data Types 5/95\n",
  "content": "typedef struct buftag {    RelFileNode rnode;     /* physical relation identifier */    ForkNumber  forkNum;    BlockNumber blockNum;  /* relative to start of reln */ } BufferTag;  BufFlags: BM_DIRTY, BM_VALID, BM_TAG_VALID, BM_IO_IN_PROGRESS, ... typedef struct sbufdesc { (simplified)    BufferTag tag;         /* ID of page contained in buffer */    BufFlags  flags;       /* see bit definitions above */    uint16    usage_count; /* usage counter for clock sweep */    unsigned  refcount;    /* # of backends holding pins */    int       buf_id;      /* buffer's index number (from 0) */    int       freeNext;    /* link in freelist chain */    ... } BufferDesc;",
  "key_words": [
   "Buffer",
   "Pool",
   "Data",
   "Types"
  ]
 },
 {
  "topic": "Buffer Pool Functions 6/95\n",
  "content": "Buffer manager interface:\n Buffer ReadBuffer(Relation r, BlockNumber n)\n ensures nth page of file for relation r is loaded  (may need to remove an existing unpinned page and read data from file)\n increments reference (pin) count and usage count for buffer\n returns index of loaded page in buffer pool (Buffer value)\n assumes main fork, so no ForkNumber required\n Actually a special case of ReadBuffer_Common, which also handles variations like different replacement strategy, forks, temp buffers, ...\n",
  "key_words": [
   "Buffer",
   "Pool",
   "Functions"
  ]
 },
 {
  "topic": "... Buffer Pool Functions 7/95\n",
  "content": "Buffer manager interface (cont):\n void ReleaseBuffer(Buffer buf)\n decrement pin count on buffer\n if pin count falls to zero,  ensures all activity on buffer is completed before returning\n void MarkBufferDirty(Buffer buf)\n marks a buffer as modified\n requires that buffer is pinned and locked\n actual write is done later (e.g. when buffer replaced)\n",
  "key_words": [
   "Buffer",
   "Pool",
   "Functions"
  ]
 },
 {
  "topic": "... Buffer Pool Functions 8/95\n",
  "content": "Additional buffer manager functions:\n Page BufferGetPage(Buffer buf)\n finds actual data associated with buffer in pool\n returns reference to memory where data is located\n BufferIsPinned(Buffer buf)\n check whether this backend holds a pin on buffer\n CheckPointBuffers\n write data in checkpoint logs (for recovery)\n flush all dirty blocks in buffer pool to disk\n etc. etc. etc.\n",
  "key_words": [
   "Buffer",
   "Pool",
   "Functions"
  ]
 },
 {
  "topic": "... Buffer Pool Functions 9/95\n",
  "content": "Important internal buffer manager function:\n BufferDesc *BufferAlloc(  \u00a0\u00a0\u00a0 \u00a0\u00a0\u00a0 \u00a0\u00a0\u00a0 \u00a0\u00a0\u00a0 \u00a0\u00a0\u00a0 \u00a0\u00a0\u00a0 Relation r, ForkNumber f,  \u00a0\u00a0\u00a0 \u00a0\u00a0\u00a0 \u00a0\u00a0\u00a0 \u00a0\u00a0\u00a0 \u00a0\u00a0\u00a0 \u00a0\u00a0\u00a0 BlockNumber n, bool *found)\n used by ReadBuffer to find a buffer for (r,f,n)\n if (r,f,n) already in pool, pin it and return descriptor\n if no available buffers, select buffer to be replaced\n returned descriptor is pinned and marked as holding (r,f,n)\n does not read; ReadBuffer has to do the actual I/O\n",
  "key_words": [
   "Buffer",
   "Pool",
   "Functions"
  ]
 },
 {
  "topic": "Clock-sweep Replacement Strategy 10/95\n",
  "content": "PostgreSQL page replacement strategy: clock-sweep\n treat buffer pool as circular list of buffer slots\n NextVictimBuffer holds index of next possible evictee\n if page is pinned or \"popular\", leave it\n usage_count implements \"popularity/recency\" measure\n incremented on each access to buffer (up to small limit)\n decremented each time considered for eviction\n increment NextVictimBuffer and try again (wrap at end)\n For specialised kinds of access (e.g. sequential scan), can allocate a private \"buffer ring\" with different replacement strategy.\n",
  "key_words": [
   "Clock-sweep",
   "Replacement",
   "Strategy"
  ]
 },
 {
  "topic": "Exercise 1: PostgreSQL Buffer Pool 11/95\n",
  "content": "Consider an initally empty buffer pool with only 3 slots.\n Show the state of the pool after each of the following:\n Req R0, Req S0, Rel S0, Req S1, Rel S1, Req S2, Rel S2, Rel R0, Req R1, Req S0, Rel S0, Req S1, Rel S1, Req S2, Rel S2, Rel R1, Req R2, Req S0, Rel S0, Req S1, Rel S1, Req S2, Rel S2, Rel R2 Treat BufferDesc entries as\n (tag, usage_count, refcount, freeNext) Assume freeList and nextVictim global variables.\n Pages\n",
  "key_words": [
   "Exercise",
   "1:",
   "PostgreSQL",
   "Buffer",
   "Pool"
  ]
 },
 {
  "topic": "Page/Tuple Management 13/95\n",
  "content": "",
  "key_words": [
   "Page/Tuple",
   "Management"
  ]
 },
 {
  "topic": "Pages 14/95\n",
  "content": "Database applications view data as:\n a collection of records (tuples)\n records can be accessed via a TupleId (aka RecordId or RID)\n TupleId = (RelId + PageNum + TupIndex)\n The disk and buffer manager provide the following view:\n data is a sequence of fixed-size pages (aka \"blocks\")\n pages can be (random) accessed via a PageId\n each page contains zero or more tuple values\n Page format = how space/tuples are organised within a Page.\n",
  "key_words": [
   "Pages"
  ]
 },
 {
  "topic": "Page Formats 15/95\n",
  "content": "Ultimately, a Page is simply an array of bytes (byte[]).\n We want to interpret/manipulate it as a collection of Records.\n Typical operations on Pages:\n request_page(pid) ... get page via its PageId\n get_record(rid) ... get record via its TupleId\n rid = insert_record(pid,rec) ... add new record into page\n update_record(rid,rec) ... update value of specified record\n delete_record(rid) ... remove a specified record from a page\n  Note: rid typically contains (PageId,TupIndex), so no explicit pid needed\n",
  "key_words": [
   "Page",
   "Formats"
  ]
 },
 {
  "topic": "... Page Formats 16/95\n",
  "content": "Factors affecting Page formats:\n determined by record size flexibility \u00a0 (fixed, variable)\n how free space within Page is managed\n whether some data is stored outside Page\n does Page have an associated overflow chain?\n are large data values stored elsewhere? (e.g. TOAST)\n can one tuple span multiple Pages?\n Implementation of Page operations critically depends on format.\n",
  "key_words": [
   "Page",
   "Formats"
  ]
 },
 {
  "topic": "... Page Formats 17/95\n",
  "content": "For fixed-length records, use record slots.\n insert: place new record in first available slot\n delete: two possibilities for handling free record slots:\n",
  "key_words": [
   "Page",
   "Formats"
  ]
 },
 {
  "topic": "Exercise 2: Fixed-length Records 18/95\n",
  "content": "Give examples of table definitions\n which result in fixed-length records\n which result in variable-length records\n create table R ( ...); What are the common features of each type of table?\n",
  "key_words": [
   "Exercise",
   "2:",
   "Fixed-length",
   "Records"
  ]
 },
 {
  "topic": "Exercise 3: Inserting/Deleting Fixed-length Records 19/95\n",
  "content": "For each of the following Page formats:\n compacted/packed free space\n unpacked free space (with bitmap)\n Implement\n a suitable data structure to represent a Page\n a function to insert a new record\n a function to delete a record\n",
  "key_words": [
   "Exercise",
   "3:",
   "Inserting/Deleting",
   "Fixed-length",
   "Records"
  ]
 },
 {
  "topic": "Page Formats 20/95\n",
  "content": "For variable-length records, must use slot directory.\n Possibilities for handling free-space within block:\n compacted (one region of free space)\n fragmented (distributed free space)\n In practice, a combination is useful:\n normally fragmented (cheap to maintain)\n compacted when needed (e.g. record won't fit)\n  Important aspect of using slot directory\n location of tuple within page can change, tuple index does not change\n",
  "key_words": [
   "Page",
   "Formats"
  ]
 },
 {
  "topic": "... Page Formats 21/95\n",
  "content": "Compacted free space: \u00a0\n  Note: \"pointers\" are implemented as word offsets within block.\n",
  "key_words": [
   "Page",
   "Formats"
  ]
 },
 {
  "topic": "... Page Formats 22/95\n",
  "content": "Fragmented free space: \u00a0\n ",
  "key_words": [
   "Page",
   "Formats"
  ]
 },
 {
  "topic": "... Page Formats 23/95\n",
  "content": "Initial page state (compacted free space) ...\n",
  "key_words": [
   "Page",
   "Formats"
  ]
 },
 {
  "topic": "... Page Formats 24/95\n",
  "content": "Before inserting record 7 (compacted free space) ...\n",
  "key_words": [
   "Page",
   "Formats"
  ]
 },
 {
  "topic": "... Page Formats 25/95\n",
  "content": "After inserting record 7 (80 bytes) ...\n",
  "key_words": [
   "Page",
   "Formats"
  ]
 },
 {
  "topic": "... Page Formats 26/95\n",
  "content": "Initial page state (fragmented free space) ...\n",
  "key_words": [
   "Page",
   "Formats"
  ]
 },
 {
  "topic": "... Page Formats 27/95\n",
  "content": "Before inserting record 7 (fragmented free space) ...\n",
  "key_words": [
   "Page",
   "Formats"
  ]
 },
 {
  "topic": "... Page Formats 28/95\n",
  "content": "After inserting record 7 (80 bytes) ...\n",
  "key_words": [
   "Page",
   "Formats"
  ]
 },
 {
  "topic": "Exercise 4: Inserting Variable-length Records 29/95\n",
  "content": "For both of the following page formats\n 1. variable-length records, with compacted free space\n 2. variable-length records, with fragmented free space\n implement the insert() function.\n Use the above page format, but also assume:\n page size is 1024 bytes\n tuples start on 4-byte boundaries\n references into page are all 8-bits (1 byte) long\n a function recSize(r) gives size in bytes\n",
  "key_words": [
   "Exercise",
   "4:",
   "Inserting",
   "Variable-length",
   "Records"
  ]
 },
 {
  "topic": "Storage Utilisation 30/95\n",
  "content": "How many records can fit in a page? (denoted C = capacity)\n Depends on:\n page size ... typical values: 1KB, 2KB, 4KB, 8KB\n record size ... typical values: 64B, 200B, app-dependent\n page header data ... typically: 4B - 32B\n slot directory ... depends on how many records\n We typically consider average record size (R)\n Given C, \u00a0 HeaderSize + C*SlotSize + C*R \u00a0\u2264\u00a0 PageSize\n",
  "key_words": [
   "Storage",
   "Utilisation"
  ]
 },
 {
  "topic": "Exercise 5: Space Utilisation 31/95\n",
  "content": "Consider the following page/record information:\n page size = 1KB = 1024 bytes = 210 bytes\n records: (a:int,b:varchar(20),c:char(10),d:int)\n records are all aligned on 4-byte boundaries\n c field padded to ensure d starts on 4-byte boundary\n each records has 4 field-offsets at start of record (each 1 byte)\n char(10) field rounded up to 12-bytes to preserve alignment\n maximum size of b values = 20 bytes; average size = 16 bytes\n page has 32-bytes of header information, starting at byte 0\n only insertions, no deletions or updates\n Calculate C = average number of records per page.\n",
  "key_words": [
   "Exercise",
   "5:",
   "Space",
   "Utilisation"
  ]
 },
 {
  "topic": "Overflows 32/95\n",
  "content": "Sometimes, it may not be possible to insert a record into a page:\n 1. no free-space fragment large enough\n 2. overall free-space is not large enough\n 3. the record is larger than the page\n 4. no more free directory slots in page\n For case (1), can first try to compact free-space within the page.\n If still insufficient space, we need an alternative solution ...\n",
  "key_words": [
   "Overflows"
  ]
 },
 {
  "topic": "... Overflows 33/95\n",
  "content": "File organisation determines how cases (2)..(4) are handled.\n If records may be inserted anywhere that there is free space\n cases (2) and (4) can be handled by making a new page\n case (3) requires either spanned records or \"overflow file\"\n If file organisation determines record placement (e.g. hashed file)\n cases (2) and (4) require an \"overflow page\"\n case (3) requires an \"overflow file\"\n With overflow pages, rid structure may need modifying (rel,page,ovfl,rec)\n",
  "key_words": [
   "Overflows"
  ]
 },
 {
  "topic": "... Overflows 34/95\n",
  "content": "Overflow files for very large records and BLOBs:\n Record-based handling of overflows:\n We discuss overflow pages in more detail when covering Hash Files.\n",
  "key_words": [
   "Overflows"
  ]
 },
 {
  "topic": "PostgreSQL Page Representation 35/95\n",
  "content": "Functions: src/backend/storage/page/*.c\n Definitions: src/include/storage/bufpage.h\n Each page is 8KB (default BLCKSZ) and contains:\n header (free space pointers, flags, xact data)\n array of (offset,length) pairs for tuples in page\n free space region (between array and tuple data)\n actual tuples themselves (inserted from end towards start)\n (optionally) region for special data (e.g. index data)\n Large data items are stored in separate (TOAST) files \u00a0 (implicit)\n Also supports ~SQL-standard BLOBs \u00a0 (explicit large data items)\n",
  "key_words": [
   "PostgreSQL",
   "Page",
   "Representation"
  ]
 },
 {
  "topic": "... PostgreSQL Page Representation 36/95\n",
  "content": "PostgreSQL page layout:\n",
  "key_words": [
   "PostgreSQL",
   "Page",
   "Representation"
  ]
 },
 {
  "topic": "... PostgreSQL Page Representation 37/95\n",
  "content": "Page-related data types:\n  // a Page is simply a pointer to start of buffer typedef Pointer Page;  // indexes into the tuple directory typedef uint16  LocationIndex;  // entries in tuple directory (line pointer array) typedef struct ItemIdData {    unsigned   lp_off:15,    // tuple offset from start of page               lp_flags:2,   // unused,normal,redirect,dead               lp_len:15;    // length of tuple (bytes) } ItemIdData;",
  "key_words": [
   "PostgreSQL",
   "Page",
   "Representation"
  ]
 },
 {
  "topic": "... PostgreSQL Page Representation 38/95\n",
  "content": "Page-related data types: (cont)\n  typedef struct PageHeaderData {    XLogRecPtr    pd_lsn;      // xact log record for last change    uint16        pd_tli;      // xact log reference information    uint16        pd_flags;    // flag bits (e.g. free, full, ...    LocationIndex pd_lower;    // offset to start of free space    LocationIndex pd_upper;    // offset to end of free space    LocationIndex pd_special;  // offset to start of special space    uint16        pd_pagesize_version;    TransactionId pd_prune_xid;// is pruning useful in data page?    ItemIdData    pd_linp[1];  // beginning of line pointer array } PageHeaderData;  typedef PageHeaderData *PageHeader;",
  "key_words": [
   "PostgreSQL",
   "Page",
   "Representation"
  ]
 },
 {
  "topic": "... PostgreSQL Page Representation 39/95\n",
  "content": "Operations on Pages:\n void PageInit(Page page, Size pageSize, ...)\n initialize a Page buffer to empty page\n in particular, sets pd_lower and pd_upper\n OffsetNumber PageAddItem(Page page,  \u00a0\u00a0\u00a0\u00a0\u00a0\u00a0\u00a0\u00a0\u00a0\u00a0\u00a0\u00a0\u00a0\u00a0\u00a0\u00a0\u00a0\u00a0\u00a0 Item item, Size size, ...)\n insert one tuple (or index entry) into a Page\n fails if: not enough free space, too many tuples\n void PageRepairFragmentation(Page page)\n compact tuple storage to give one large free space region\n",
  "key_words": [
   "PostgreSQL",
   "Page",
   "Representation"
  ]
 },
 {
  "topic": "... PostgreSQL Page Representation 40/95\n",
  "content": "PostgreSQL has two kinds of pages:\n heap pages which contain tuples\n index pages which contain index entries\n Both kinds of page have the same page layout.\n One important difference:\n index entries tend be a smaller than tuples\n can typically fit more index entries per page\n",
  "key_words": [
   "PostgreSQL",
   "Page",
   "Representation"
  ]
 },
 {
  "topic": "Exercise 6: PostgreSQL Pages 41/95\n",
  "content": "Draw diagrams of a PostgreSQL heap page\n when it is initially empty\n after three tuples have been inserted  \u00a0\u00a0\u00a0 with lengths of 60, 80, and 70 bytes\n after the 80 byte tuple is deleted (but before vacuuming)\n after a new 50 byte tuple is added\n Show the values in the tuple header.\n Assume that there is no special space in the page.\n Tuples\n",
  "key_words": [
   "Exercise",
   "6:",
   "PostgreSQL",
   "Pages"
  ]
 },
 {
  "topic": "Tuples 43/95\n",
  "content": "Each page contains a collection of tuples\n [Diagram:Pics/storage/page-tuples-small.png]\n  What do tuples contain? How are they structured internally?\n",
  "key_words": [
   "Tuples"
  ]
 },
 {
  "topic": "Records vs Tuples 44/95\n",
  "content": "A table is defined by a collection of attributes (schema), e.g.\n create table Employee (    id   integer primary key,    name varchar(20),    job  varchar(10),    dept number(4) ); Tuple = collection of attribute values for such a schema, e.g.\n (33357462, 'Neil Young', 'Musician', 0277) Record = sequence of bytes, containing data for one tuple, e.g.\n [Diagram:Pics/storage/tuple-bytes-small.png]\n Byte-sequence needs to be interpreted relative to schema to get tuple\n",
  "key_words": [
   "Records",
   "vs",
   "Tuples"
  ]
 },
 {
  "topic": "Operations on Records 45/95\n",
  "content": "Common operation one records ... access record via RecordId:\n Record get_record(RecordId rid) {     Page buf = request_page(relId(rid), pageNum(rid));     return get_record_from_page(buf, recNum(rid)); } where \u00a0RecordId = TupleId = (RelId, PageNum, TupIndex)\n Gives a sequence of bytes, which needs to be interpreted, e.g.\n Relation rel = ... // relation schema Record r = get_record(rid) Tuple t = makeTuple(rel,r) Once we have a tuple, we can access individual attributes/fields\n",
  "key_words": [
   "Operations",
   "on",
   "Records"
  ]
 },
 {
  "topic": "... Operations on Records 46/95\n",
  "content": "Other operations on records (via their RecordId) ...\n update_record(rid,rec)\n modifies a record \"in place\" \u00a0(replaced by new rec)\n note: PostgreSQL marks old record as \"obsolete\", creates new modified record\n rid = insert_record(pid,rec)\n insert record into specified page, returning RecordId of new record\n delete_record(rid)\n remove record \u00a0(mark as deleted)\n All of the above, first require a page fetch (via buffer pool)\n",
  "key_words": [
   "Operations",
   "on",
   "Records"
  ]
 },
 {
  "topic": "Operations on Tuples 47/95\n",
  "content": "Tuple t = makeTuple(rel,rec)\n convert record to tuple data structure \u00a0(may be identity mapping)\n  Typ \u00a0 getTypField(Tuple t, int fno)\n extract the fno'th field from a Tuple as a value of type Typ\n E.g. \u00a0 int x = getIntField(t,1), \u00a0 char *s = getStrField(t,2)\n  void \u00a0setTypField(Tuple t, int fno, Typ val)\n set the value of the fno'th field of a Tuple to val\n E.g. \u00a0 setIntField(t,1,42), \u00a0 setStrField(t,2,\"abc\")\n",
  "key_words": [
   "Operations",
   "on",
   "Tuples"
  ]
 },
 {
  "topic": "Operations for Access Methods 48/95\n",
  "content": "Tuple get_tuple(RecordId rid)\n fetch the tuple specified by rid; return reference to Tuple\n used for access via an index, where index entries are (key,rid)\n  Tuple get_tuple_from_page(Page p, int rno)\n get the rno'th tuple from an already-buffered page\n called during a scan, once we have loaded relevant page\n used to implement \u00a0 for each tuple t in page p\n",
  "key_words": [
   "Operations",
   "for",
   "Access",
   "Methods"
  ]
 },
 {
  "topic": "... Operations for Access Methods 49/95\n",
  "content": "Access methods typically involve iterators, e.g.\n  Scan s = start_scan(Rel r, ...)\n commence a scan of relation r\n Scan may include condition to implement WHERE-clause\n Scan holds data on progress through file (e.g. current page)\n  Tuple next_tuple(Scan s)\n return Tuple immediately following last accessed one\n returns NULL if no more Tuples left in the relation\n",
  "key_words": [
   "Operations",
   "for",
   "Access",
   "Methods"
  ]
 },
 {
  "topic": "Example Query 50/95\n",
  "content": "Example: simple scan of a table ...\n select name from Employee implemented as:\n DB db = openDatabase(\"myDB\"); Rel r = openRel(db,\"Employee\"); Scan s = start_scan(r); Tuple t;  // current tuple while ((t = next_tuple(s)) != NULL) {    char *name = getStrField(t,2);    printf(\"%s\\n\", name); }",
  "key_words": [
   "Example",
   "Query"
  ]
 },
 {
  "topic": "Fixed-length Records 51/95\n",
  "content": "Encoding scheme for fixed-length records:\n record format (length + offsets) stored in catalogue\n data values stored in fixed-size slots in data pages\n Since record format is frequently used at query time, should be in memory.\n",
  "key_words": [
   "Fixed-length",
   "Records"
  ]
 },
 {
  "topic": "Variable-length Records 52/95\n",
  "content": "Some encoding schemes for variable-length records:\n Prefix each field by length\n Terminate fields by delimiter\n Array of offsets\n",
  "key_words": [
   "Variable-length",
   "Records"
  ]
 },
 {
  "topic": "Converting Records to Tuples 53/95\n",
  "content": "A Record is an array of bytes (byte[])\n representing the data values from a typed Tuple\n A Tuple is a collection of named,typed values\n analogous to a struct in C\n Information on how to interpret the bytes as typed values\n will be contained in schema data in DBMS catalogue\n may be stored in the header for the data file\n may be stored partly in the record and partly in the schema\n For variable-length records, some formatting info ...\n must be stored in the record or in the page directory\n",
  "key_words": [
   "Converting",
   "Records",
   "to",
   "Tuples"
  ]
 },
 {
  "topic": "... Converting Records to Tuples 54/95\n",
  "content": "DBMSs typically define a fixed set of field types, e.g.\n DATE, \u00a0FLOAT, \u00a0INTEGER, \u00a0NUMBER(n), \u00a0VARCHAR(n), ...\n This determines implementation-level data types:\n DATE time_t\n FLOAT float,double\n INTEGER int,long\n NUMBER(n) int[] (?)\n VARCHAR(n) char[]\n",
  "key_words": [
   "Converting",
   "Records",
   "to",
   "Tuples"
  ]
 },
 {
  "topic": "... Converting Records to Tuples 55/95\n",
  "content": "A Tuple can be defined as\n a list of field descriptors for a record instance  (where a FieldDesc gives (offset,length,type) information)\n along with a reference to the Record data\n typedef struct {     ushort    nfields;  // # fields     FieldDesc fields[]; // field descriptions     Record    data; } Tuple; Fields are derived from relation descriptor + record instance data.\n",
  "key_words": [
   "Converting",
   "Records",
   "to",
   "Tuples"
  ]
 },
 {
  "topic": "... Converting Records to Tuples 56/95\n",
  "content": "The data field could be either\n a pointer to byte-chunk stored elsewhere in memory\n [Diagram:Pics/storage/rec8-small.png]\n data itself appended to struct \u00a0 (used widely in PostgreSQL)\n",
  "key_words": [
   "Converting",
   "Records",
   "to",
   "Tuples"
  ]
 },
 {
  "topic": "PostgreSQL Tuples 57/95\n",
  "content": "Definitions: include/postgres.h, \u00a0include/access/*tup*.h\n Functions: backend/access/common/*tup*.c\n e.g. HeapTuple heap_form_tuple(desc, values[], isnull[])\n e.g. heap_deform_tuple(tuple, desc, values[], isnull[])\n PostgreSQL defines tuples via:\n a contiguous chunk of memory\n starting with a header giving e.g. #fields, nulls\n followed by the data values (as sequence of Datum)\n",
  "key_words": [
   "PostgreSQL",
   "Tuples"
  ]
 },
 {
  "topic": "... PostgreSQL Tuples 58/95\n",
  "content": "Tuple structure:\n",
  "key_words": [
   "PostgreSQL",
   "Tuples"
  ]
 },
 {
  "topic": "... PostgreSQL Tuples 59/95\n",
  "content": "Tuple-related data types:\n // representation of a data value typedef uintptr_t Datum; The actual data value:\n may be stored in the Datum (e.g. int)\n may have a header with length (for varlen attributes)\n may be stored in a TOAST file\n",
  "key_words": [
   "PostgreSQL",
   "Tuples"
  ]
 },
 {
  "topic": "... PostgreSQL Tuples 60/95\n",
  "content": "Tuple-related data types: (cont)\n // TupleDesc: schema-related information for HeapTuples  typedef struct tupleDesc  {     int         natts;          // number of attributes in the tuple      Form_pg_attribute *attrs;     // attrs[N] is a pointer to description of attribute N+1      TupleConstr *constr;        // constraints, or NULL if none      Oid         tdtypeid;       // composite type ID for tuple type      int32       tdtypmod;       // typmod for tuple type      bool        tdhasoid;       // does tuple have oid attribute?      int         tdrefcount;     // reference count (-1 if not counting) } *TupleDesc;",
  "key_words": [
   "PostgreSQL",
   "Tuples"
  ]
 },
 {
  "topic": "... PostgreSQL Tuples 61/95\n",
  "content": "Tuple-related data types: (cont)\n typedef HeapTupleData *HeapTuple;  typedef struct HeapTupleData {     uint32           t_len;  // length of *t_data      ItemPointerData t_self;  // SelfItemPointer      Oid         t_tableOid;  // table the tuple came from      HeapTupleHeader t_data;  // tuple header and data  } HeapTupleData; PostgreSQL allocates a single block of data for tuple\n containing the above struct, followed by data byte[]\n no explicit field for data, it comes after bitmap (see next)\n",
  "key_words": [
   "PostgreSQL",
   "Tuples"
  ]
 },
 {
  "topic": "... PostgreSQL Tuples 62/95\n",
  "content": "Tuple-related data types: (cont)\n typedef struct HeapTupleHeaderData // simplified {     HeapTupleFields t_heap;     ItemPointerData t_ctid;      // TID of this tuple or newer version     uint16          natts;       // number of attributes     uint16          t_infomask;  // flags e.g. has_null, has_varwidth     uint8           t_hoff;      // sizeof header incl. bitmap+padding     // above is fixed size (23 bytes) for all heap tuples     bits8           t_bits[1];   // bitmap of NULLs, variable length     // actual data follows at end of struct } HeapTupleHeaderData;",
  "key_words": [
   "PostgreSQL",
   "Tuples"
  ]
 },
 {
  "topic": "... PostgreSQL Tuples 63/95\n",
  "content": "Tuple-related data types: (cont)\n typedef struct HeapTupleFields  // simplified {     TransactionId t_xmin;  // inserting xact ID     TransactionId t_xmax;  // deleting or locking xact ID     CommandId     t_cid;   // inserting/deleting command ID } HeapTupleFields; Note that not all system fields from stored tuple appear\n both xmin/xmax are stored, but only one of cmin/cmax\n",
  "key_words": [
   "PostgreSQL",
   "Tuples"
  ]
 },
 {
  "topic": "... PostgreSQL Tuples 64/95\n",
  "content": "Operations on Tuples:\n  // create Tuple from values HeapTuple heap_form_tuple(TupleDesc tupDesc, Datum *values, bool *isnull)  // return Datum given Tuple, attr and descriptor //   sets isnull to true if value is NULL #define heap_getattr(tup, attnum, tupleDesc, isnull) ...  // returns true if attribute has no value bool heap_attisnull(HeapTuple tup, int attnum) ...  // produce a modified tuple from an existing one HeapTuple heap_modify_tuple(HeapTuple tuple, TupleDesc tupleDesc,                   Datum *replValues, bool *replIsnull,                   bool *doReplace) Implementing Relational Operations\n",
  "key_words": [
   "PostgreSQL",
   "Tuples"
  ]
 },
 {
  "topic": "DBMS Architecture (revisited) 66/95\n",
  "content": "Implementation of relational operations in DBMS:\n",
  "key_words": [
   "DBMS",
   "Architecture",
   "(revisited)"
  ]
 },
 {
  "topic": "Relational Operations 67/95\n",
  "content": "DBMS core = relational engine, with implementations of\n selection, \u00a0 projection, \u00a0 join, \u00a0 set operations\n scanning, \u00a0 sorting, \u00a0 grouping, \u00a0 aggregation, \u00a0 ...\n In this part of the course:\n examine methods for implementing each operation\n develop cost models for each implementation\n characterise when each method is most effective\n Terminology reminder:\n tuple = record = collection of data values under some schema\n page = block = collection of tuples + management data = i/o unit\n relation = table \u2245 file = collection of tuples\n",
  "key_words": [
   "Relational",
   "Operations"
  ]
 },
 {
  "topic": "... Relational Operations 68/95\n",
  "content": "Two \"dimensions of variation\":\n which relational operation \u00a0 (e.g. Sel, Proj, Join, Sort, ...)\n which access-method \u00a0 (e.g. file struct: heap, indexed, hashed, ...)\n Each query method involves an operator and a file structure:\n e.g. primary-key selection on hashed file\n e.g. primary-key selection on indexed file\n e.g. join on ordered heap files (sort-merge join)\n e.g. join on hashed files (hash join)\n e.g. two-dimensional range query on R-tree indexed file\n As well as query costs, consider update costs (insert/delete).\n",
  "key_words": [
   "Relational",
   "Operations"
  ]
 },
 {
  "topic": "... Relational Operations 69/95\n",
  "content": "SQL vs DBMS engine\n select ... from R where C\n find relevant tuples (satisfying C) in file(s) of R\n insert into R values(...)\n place new tuple in some page of a file of R\n delete from R where C\n find relevant tuples and \"remove\" from file(s) of R\n update R set ... where C\n find relevant tuples in file(s) of R and \"change\" them\n Cost Models\n",
  "key_words": [
   "Relational",
   "Operations"
  ]
 },
 {
  "topic": "Cost Models 71/95\n",
  "content": "An important aspect of this course is\n analysis of cost of various query methods\n Cost can be measured in terms of\n Time Cost: total time taken to execute method, or\n Page Cost: number of pages read and/or written\n Primary assumptions in our cost models:\n memory (RAM) is \"small\", fast, byte-at-a-time\n disk storage is very large, slow, page-at-a-time\n",
  "key_words": [
   "Cost",
   "Models"
  ]
 },
 {
  "topic": "... Cost Models 72/95\n",
  "content": "Since time cost is affected by many factors\n speed of i/o devices (fast/slow disk, SSD)\n load on machine\n we do not consider time cost in our analyses.\n For comparing methods, page cost is better\n identifies workload imposed by method\n BUT is clearly affected by buffering\n Trying to estimate costs with multiple concurrent ops and buffering is difficult!\n Addtional assumption: every page request leads to some i/o\n",
  "key_words": [
   "Cost",
   "Models"
  ]
 },
 {
  "topic": "... Cost Models 73/95\n",
  "content": "In developing cost models, we also assume:\n a relation is a set of r tuples, with average size R bytes\n the tuples are stored in b data pages on disk\n each page has size B bytes and contains up to c tuples\n the tuples which answer query q are contained in bq pages\n data is transferred disk\u2194memory in whole pages\n cost of disk\u2194memory transfer Tr/w is very high\n",
  "key_words": [
   "Cost",
   "Models"
  ]
 },
 {
  "topic": "... Cost Models 74/95\n",
  "content": "Our cost models are \"rough\" (based on assumptions)\n But do give an O(x) feel for how expensive operations are.\n Example \"rough\" estimation: how many piano tuners in Sydney?\n Sydney has \u2245 4 000 000 people\n Average household size \u2245 3 \u2234 1 300 000 households\n Let's say that 1 in 10 households owns a piano\n Therefore there are \u2245 130 000 pianos\n Say people get their piano tuned every 2 years (on average)\n Say a tuner can do 2/day, 250 working-days/year\n Therefore 1 tuner can do 500 pianos per year\n Therefore Sydney would need \u2245 130000/2/500 = 130 tuners\n Actual number of tuners in Yellow Pages = 120\n Example borrowed from Alan Fekete at Sydney University.\n",
  "key_words": [
   "Cost",
   "Models"
  ]
 },
 {
  "topic": "Query Types 75/95\n",
  "content": "Type SQL RelAlg a.k.a.\n Scan select * from R R -\n Proj select x,y from R Proj[x,y]R -\n Sort select * from R  order by x\n Sort[x]R ord\n Sel1 select * from R  where id = k\n Sel[id=k]R one\n Seln select * from R  where a = k\n Sel[a=k]R -\n Join1 select * from R,S  where R.id = S.r\n R Join[id=r] S -\n Different query classes exhibit different query processing behaviours.\n",
  "key_words": [
   "Query",
   "Types"
  ]
 },
 {
  "topic": "Example File Structures 76/95\n",
  "content": "When describing file structures\n use a large box to represent a page\n use either a small box or tupi (or reci) to represent a tuple\n sometimes refer to tuples via their key\n mostly, key corresponds to the notion of \"primary key\"\n sometimes, key means \"search key\" in selection condition\n",
  "key_words": [
   "Example",
   "File",
   "Structures"
  ]
 },
 {
  "topic": "... Example File Structures 77/95\n",
  "content": "Consider three simple file structures:\n heap file ... tuples added to any page which has space\n sorted file ... tuples arranged in file in key order\n hash file ... tuples placed in pages using hash function\n All files are composed of b primary blocks/pages\n Some records in each page may be marked as \"deleted\".\n",
  "key_words": [
   "Example",
   "File",
   "Structures"
  ]
 },
 {
  "topic": "Exercise 7: Operation Costs 78/95\n",
  "content": "For each of the following file structures\n determine #page-reads + #page-writes for each operation\n You can assume the existence of a file header containing\n values for r, R, b, B, c\n index of first page with free space (and a free list)\n Assume also\n each page contains a header and directory as well as tuples\n no buffering \u00a0 (worst case scenario)\n",
  "key_words": [
   "Exercise",
   "7:",
   "Operation",
   "Costs"
  ]
 },
 {
  "topic": "Operation Costs Example 79/95\n",
  "content": "Heap file with b = 4, c = 4:\n",
  "key_words": [
   "Operation",
   "Costs",
   "Example"
  ]
 },
 {
  "topic": "... Operation Costs Example 80/95\n",
  "content": "Sorted file with b = 4, c = 4:\n",
  "key_words": [
   "Operation",
   "Costs",
   "Example"
  ]
 },
 {
  "topic": "... Operation Costs Example 81/95\n",
  "content": "Hashed file with b = 3, c = 4, h(k) = k%3\n Scanning\n",
  "key_words": [
   "Operation",
   "Costs",
   "Example"
  ]
 },
 {
  "topic": "Scanning 83/95\n",
  "content": "Consider the query:\n select * from Rel; Operational view:\n for each page P in file of relation Rel {    for each tuple t in page P {       add tuple t to result set    } } Cost: read every data page once\n Time Cost = b.Tr, \u00a0\u00a0\u00a0 Page Cost = b\n",
  "key_words": [
   "Scanning"
  ]
 },
 {
  "topic": "... Scanning 84/95\n",
  "content": "Scan implementation when file has overflow pages, e.g.\n",
  "key_words": [
   "Scanning"
  ]
 },
 {
  "topic": "... Scanning 85/95\n",
  "content": "In this case, the implementation changes to:\n for each page P in file of relation T {     for each tuple t in page P {         add tuple t to result set     }     for each overflow page V of page P {         for each tuple t in page V {             add tuple t to result set }   }   } Cost: read each data and overflow page once\n Cost = b + bOv\n where bOv = total number of overflow pages\n",
  "key_words": [
   "Scanning"
  ]
 },
 {
  "topic": "Selection via Scanning 86/95\n",
  "content": "Consider a one query like:\n select * from Employee where id = 762288; In an unordered file, search for matching tuple requires:\n   Guaranteed at most one answer; but could be in any page.\n",
  "key_words": [
   "Selection",
   "via",
   "Scanning"
  ]
 },
 {
  "topic": "... Selection via Scanning 87/95\n",
  "content": "Overview of scan process:\n for each page P in relation Employee {     for each tuple t in page P {         if (t.id == 762288) return t }   } Cost analysis for one searching in unordered file\n best case: read one page, find tuple\n worst case: read all b pages, find in last (or don't find)\n average case: read half of the pages (b/2)\n Page Costs: \u00a0 Costavg = b/2 \u00a0\u00a0 Costmin = 1 \u00a0\u00a0 Costmax = b\n",
  "key_words": [
   "Selection",
   "via",
   "Scanning"
  ]
 },
 {
  "topic": "Exercise 8: Cost of Search in Hashed File 88/95\n",
  "content": "Consider the hashed file structure b = 10, c = 4, h(k) = k%10\n Describe how the following queries\n select * from R where k = 51; select * from R where k > 50; might be solved in a file structure like the above (h(k) = k%b).\n Estimate the minimum and maximum cost (as #pages read)\n",
  "key_words": [
   "Exercise",
   "8:",
   "Cost",
   "of",
   "Search",
   "in",
   "Hashed",
   "File"
  ]
 },
 {
  "topic": "Relation Copying 89/95\n",
  "content": "Consider an SQL statement like:\n create table T as (select * from S); Effectively, copies data from one file to another.\n Conceptually:\n make empty relation T for each tuple t in relation S {     append tuple t to relation T }",
  "key_words": [
   "Relation",
   "Copying"
  ]
 },
 {
  "topic": "... Relation Copying 90/95\n",
  "content": "In terms of file operations:\n File inf,outf;    // input/output file handles int ip,op;        // input/output page numbers int i;            // tuple number in input buf Tuple t;          // current tuple Buffer ibuf,obuf; // input/output file buffers  inf = openFile(relFileName(\"S\"), READ); outf = openFile(relFileName(\"T\"), CREATE); clear(obuf); for (ip = op = 0; ip < nPages(inf); ip++) {     ibuf = readPage(inf, ip);     for (i = 0; i < nTuples(buf); i++) {         t = getTuple(ibuf, i);         addTuple(t, obuf);         if (isFull(obuf)) {             writePage(outf, op++, obuf);             clear(obuf); }   }   } if (nTuples(obuf) > 0) writePage(outf, op, obuf);",
  "key_words": [
   "Relation",
   "Copying"
  ]
 },
 {
  "topic": "Exercise 9: Cost of Relation Copy 91/95\n",
  "content": "Analyse cost for relation copying:\n 1. if both input and output are heap files\n 2. if input is sorted and output is heap file\n 3. if input is heap file and output is sorted\n Assume bin = number of pages in input file\n Give cost in terms of #pages read + #pages written\n",
  "key_words": [
   "Exercise",
   "9:",
   "Cost",
   "of",
   "Relation",
   "Copy"
  ]
 },
 {
  "topic": "Exercise 10: PostgreSQL Tuple Visibility 92/95\n",
  "content": "Due to MVCC, PostgreSQL's getTuple(b,i) is not so simple\n ith tuple in buffer b may be \"live\" or \"dead\" or ... ?\n How does PostgreSQL recognise \"dead\" tuples?\n What possible states might tuples have?\n Assume: multiple concurrent transactions on tables.\n Hint: tuple = (oid,xmin,xmax,...rest of data...)\n Hint: include/access/htup.h\n Hint: backend/utils/time/tqual.c\n",
  "key_words": [
   "Exercise",
   "10:",
   "PostgreSQL",
   "Tuple",
   "Visibility"
  ]
 },
 {
  "topic": "Scanning in PostgreSQL 93/95\n",
  "content": "Scanning defined in: backend/access/heap/heapam.c\n Implements iterator data/operations:\n HeapScanDesc ... struct containing iteration state\n scan = heap_beginscan(rel,...,nkeys,keys)  (uses initscan() to do half the work (shared with rescan))\n tup = heap_getnext(scan, direction)  (uses heapgettup() to do most of the work)\n heap_endscan(scan) ... frees up scan struct\n HeapKeyTest() ... implements key match test\n",
  "key_words": [
   "Scanning",
   "in",
   "PostgreSQL"
  ]
 },
 {
  "topic": "... Scanning in PostgreSQL 94/95\n",
  "content": "typedef struct HeapScanDescData {   // scan parameters    Relation      rs_rd;        // heap relation descriptor    Snapshot      rs_snapshot;  // snapshot ... tuple visibility    int           rs_nkeys;     // number of scan keys    ScanKey       rs_key;       // array of scan key descriptors    ...   // state set up at initscan time    PageNumber    rs_npages;    // number of pages to scan    PageNumber    rs_startpage; // page # to start at    ...   // scan current state, initally set to invalid    HeapTupleData rs_ctup;      // current tuple in scan   PageNumber    rs_cpage;     // current page # in scan   Buffer        rs_cbuf;      // current buffer in scan    ... } HeapScanDescData;",
  "key_words": [
   "Scanning",
   "in",
   "PostgreSQL"
  ]
 },
 {
  "topic": "Scanning in other File Structures 95/95\n",
  "content": "Above examples are for heap files\n simple, unordered, maybe indexed, no hashing\n Other access file structures in PostgreSQL:\n btree, hash, gist, gin\n each implements:\n startscan, getnext, endscan\n insert, delete\n other file-specific operators\n Produced: 10 Aug 2018\n",
  "key_words": [
   "Scanning",
   "in",
   "other",
   "File",
   "Structures"
  ]
 }
]